date,BDI,BCI,BPI,BSI,BHSI
2000-01-03,1320,1782,1320,1056,858
2000-01-04,1329,1782,1329,1063,864
2000-01-05,1351,1772,1351,1081,878
2000-01-06,1368,1776,1368,1094,889
2000-01-09,1376,1776,1376,1101,894
2000-01-10,1388,1770,1388,1110,902
2000-01-11,1396,1760,1396,1117,907
2000-01-12,1403,1748,1403,1122,912
2000-01-13,1404,1735,1404,1123,913
2000-01-16,1406,1735,1406,1125,914
2000-01-17,1405,1712,1405,1124,913
2000-01-18,1400,1708,1400,1120,910
2000-01-19,1393,1703,1393,1114,905
2000-01-20,1384,1695,1384,1107,900
2000-01-23,1378,1695,1378,1102,896
2000-01-24,1368,1693,1368,1094,889
2000-01-25,1354,1689,1354,1083,880
2000-01-26,1340,1672,1340,1072,871
2000-01-27,1329,1651,1329,1063,864
2000-01-30,1319,1651,1319,1055,857
2000-01-31,1311,1625,1311,1049,852
2000-02-01,1296,1619,1296,1037,842
2000-02-02,1286,1613,1286,1029,836
2000-02-03,1280,1608,1280,1024,832
2000-02-06,1276,1608,1276,1021,829
2000-02-07,1277,1602,1277,1022,830
2000-02-08,1293,1611,1293,1034,840
2000-02-09,1317,1653,1317,1054,856
2000-02-10,1345,1703,1345,1076,874
2000-02-13,1365,1703,1365,1092,887
2000-02-14,1392,1807,1392,1114,905
2000-02-15,1419,1855,1419,1135,922
2000-02-16,1438,1898,1438,1150,935
2000-02-17,1454,1935,1454,1163,945
2000-02-20,1466,1935,1466,1173,953
2000-02-21,1481,1992,1481,1185,963
2000-02-22,1491,2028,1491,1193,969
2000-02-23,1501,2055,1501,1201,976
2000-02-24,1511,2072,1511,1209,982
2000-02-27,1521,2072,1521,1217,989
2000-02-28,1531,2106,1531,1225,995
2000-02-29,1547,2118,1547,1238,1006
2000-03-01,1561,2140,1561,1249,1015
2000-03-02,1578,2154,1578,1262,1026
2000-03-05,1588,2154,1588,1270,1032
2000-03-06,1602,2186,1602,1282,1041
2000-03-07,1618,2196,1618,1294,1052
2000-03-08,1634,2208,1634,1307,1062
2000-03-09,1645,2224,1645,1316,1069
2000-03-12,1649,2224,1649,1319,1072
2000-03-13,1645,2237,1645,1316,1069
2000-03-14,1640,2241,1640,1312,1066
2000-03-15,1633,2247,1633,1306,1061
2000-03-16,1630,2251,1630,1304,1060
2000-03-19,1628,2251,1628,1302,1058
2000-03-20,1624,2248,1624,1299,1056
2000-03-21,1620,2240,1620,1296,1053
2000-03-22,1617,2231,1617,1294,1051
2000-03-23,1618,2221,1618,1294,1052
2000-03-26,1623,2221,1623,1298,1055
2000-03-27,1627,2207,1627,1302,1058
2000-03-28,1638,2211,1638,1310,1065
2000-03-29,1651,2235,1651,1321,1073
2000-03-30,1660,2258,1660,1328,1079
2000-04-02,1669,2258,1669,1335,1085
2000-04-03,1676,2293,1676,1341,1089
2000-04-04,1679,2313,1679,1343,1091
2000-04-05,1682,2329,1682,1346,1093
2000-04-06,1684,2345,1684,1347,1095
2000-04-09,1686,2345,1686,1349,1096
2000-04-10,1684,2369,1684,1347,1095
2000-04-11,1681,2369,1681,1345,1093
2000-04-12,1679,2354,1679,1343,1091
2000-04-13,1676,2342,1676,1341,1089
2000-04-16,1674,2342,1674,1339,1088
2000-04-17,1670,2313,1670,1336,1086
2000-04-18,1661,2304,1661,1329,1080
2000-04-19,1656,2281,1656,1325,1076
2000-04-24,1647,2281,1647,1318,1071
2000-04-25,1641,2258,1641,1313,1067
2000-04-26,1635,2251,1635,1308,1063
2000-04-27,1628,2241,1628,1302,1058
2000-05-01,1622,2241,1622,1298,1054
2000-05-02,1615,2218,1615,1292,1050
2000-05-03,1609,2201,1609,1287,1046
2000-05-04,1609,2188,1609,1287,1046
2000-05-07,1607,2188,1607,1286,1045
2000-05-08,1609,2177,1609,1287,1046
2000-05-09,1611,2171,1611,1289,1047
2000-05-10,1614,2171,1614,1291,1049
2000-05-11,1616,2170,1616,1293,1050
2000-05-14,1615,2170,1615,1292,1050
2000-05-15,1612,2160,1612,1290,1048
2000-05-16,1610,2151,1610,1288,1046
2000-05-17,1609,2142,1609,1287,1046
2000-05-18,1607,2134,1607,1286,1045
2000-05-21,1606,2134,1606,1285,1044
2000-05-22,1598,2112,1598,1278,1039
2000-05-23,1589,2089,1589,1271,1033
2000-05-24,1582,2068,1582,1266,1028
2000-05-25,1576,2050,1576,1261,1024
2000-05-29,1569,2050,1569,1255,1020
2000-05-30,1566,2068,1566,1253,1018
2000-05-31,1562,2014,1562,1250,1015
2000-06-01,1562,2007,1562,1250,1015
2000-06-04,1561,2007,1561,1249,1015
2000-06-05,1559,2002,1559,1247,1013
2000-06-06,1559,1995,1559,1247,1013
2000-06-07,1562,1992,1562,1250,1015
2000-06-08,1564,1988,1564,1251,1017
2000-06-11,1566,1988,1566,1253,1018
2000-06-12,1569,1986,1569,1255,1020
2000-06-13,1570,1988,1570,1256,1020
2000-06-14,1577,1990,1577,1262,1025
2000-06-15,1586,2005,1586,1269,1031
2000-06-18,1592,2005,1592,1274,1035
2000-06-19,1599,2045,1599,1279,1039
2000-06-20,1612,2065,1612,1290,1048
2000-06-21,1620,2103,1620,1296,1053
2000-06-22,1624,2131,1624,1299,1056
2000-06-25,1626,2131,1626,1301,1057
2000-06-26,1625,2152,1625,1300,1056
2000-06-27,1621,2155,1621,1297,1054
2000-06-28,1618,2155,1618,1294,1052
2000-06-29,1616,2154,1616,1293,1050
2000-07-02,1613,2154,1613,1290,1048
2000-07-03,1610,2143,1610,1288,1046
2000-07-04,1607,2133,1607,1286,1045
2000-07-05,1603,2125,1603,1282,1042
2000-07-06,1601,2124,1601,1281,1041
2000-07-09,1600,2124,1600,1280,1040
2000-07-10,1601,2119,1601,1281,1041
2000-07-11,1604,2118,1604,1283,1043
2000-07-12,1609,2122,1609,1287,1046
2000-07-13,1616,2129,1616,1293,1050
2000-07-16,1621,2129,1621,1297,1054
2000-07-17,1626,2142,1626,1301,1057
2000-07-18,1628,2143,1628,1302,1058
2000-07-19,1629,2145,1629,1303,1059
2000-07-20,1628,2148,1628,1302,1058
2000-07-23,1629,2148,1629,1303,1059
2000-07-24,1629,2153,1629,1303,1059
2000-07-25,1628,2157,1628,1302,1058
2000-07-26,1628,2160,1628,1302,1058
2000-07-27,1634,2168,1634,1307,1062
2000-07-30,1642,2168,1642,1314,1067
2000-07-31,1645,2207,1645,1316,1069
2000-08-01,1646,2221,1646,1317,1070
2000-08-02,1648,2228,1648,1318,1071
2000-08-03,1650,2239,1650,1320,1072
2000-08-06,1651,2239,1651,1321,1073
2000-08-07,1647,2255,1647,1318,1071
2000-08-08,1642,2257,1642,1314,1067
2000-08-09,1641,2253,1641,1313,1067
2000-08-10,1640,2252,1640,1312,1066
2000-08-13,1637,2252,1637,1310,1064
2000-08-14,1634,2246,1634,1307,1062
2000-08-15,1632,2239,1632,1306,1061
2000-08-16,1631,2235,1631,1305,1060
2000-08-17,1629,2230,1629,1303,1059
2000-08-20,1628,2230,1628,1302,1058
2000-08-21,1627,2215,1627,1302,1058
2000-08-22,1629,2205,1629,1303,1059
2000-08-23,1633,2200,1633,1306,1061
2000-08-24,1638,2198,1638,1310,1065
2000-08-28,1641,2198,1641,1313,1067
2000-08-29,1645,2197,1645,1316,1069
2000-08-30,1652,2201,1652,1322,1074
2000-08-31,1661,2216,1661,1329,1080
2000-09-03,1666,2216,1666,1333,1083
2000-09-04,1671,2232,1671,1337,1086
2000-09-05,1676,2239,1676,1341,1089
2000-09-06,1689,2249,1689,1351,1098
2000-09-07,1696,2286,1696,1357,1102
2000-09-10,1701,2286,1701,1361,1106
2000-09-11,1705,2309,1705,1364,1108
2000-09-12,1708,2311,1708,1366,1110
2000-09-13,1711,2311,1711,1369,1112
2000-09-14,1714,2313,1714,1371,1114
2000-09-17,1719,2313,1719,1375,1117
2000-09-18,1725,2323,1725,1380,1121
2000-09-19,1732,2334,1732,1386,1126
2000-09-20,1737,2349,1737,1390,1129
2000-09-21,1738,2364,1738,1390,1130
2000-09-24,1740,2364,1740,1392,1131
2000-09-25,1739,2385,1739,1391,1130
2000-09-26,1738,2393,1738,1390,1130
2000-09-27,1737,2403,1737,1390,1129
2000-09-28,1739,2415,1739,1391,1130
2000-10-01,1735,2415,1735,1388,1128
2000-10-02,1729,2426,1729,1383,1124
2000-10-03,1726,2419,1726,1381,1122
2000-10-04,1721,2418,1721,1377,1119
2000-10-05,1720,2417,1720,1376,1118
2000-10-08,1719,2417,1719,1375,1117
2000-10-09,1719,2414,1719,1375,1117
2000-10-10,1718,2419,1718,1374,1117
2000-10-11,1718,2424,1718,1374,1117
2000-10-12,1721,2429,1721,1377,1119
2000-10-15,1724,2429,1724,1379,1121
2000-10-16,1727,2443,1727,1382,1123
2000-10-17,1732,2449,1732,1386,1126
2000-10-18,1736,2460,1736,1389,1128
2000-10-19,1740,2470,1740,1392,1131
2000-10-22,1744,2470,1744,1395,1134
2000-10-23,1748,2477,1748,1398,1136
2000-10-24,1751,2480,1751,1401,1138
2000-10-25,1754,2486,1754,1403,1140
2000-10-26,1756,2493,1756,1405,1141
2000-10-29,1758,2493,1758,1406,1143
2000-10-30,1759,2510,1759,1407,1143
2000-10-31,1759,2518,1759,1407,1143
2000-11-01,1761,2521,1761,1409,1145
2000-11-02,1762,2537,1762,1410,1145
2000-11-05,1761,2537,1761,1409,1145
2000-11-06,1759,2551,1759,1407,1143
2000-11-07,1756,2556,1756,1405,1141
2000-11-08,1752,2557,1752,1402,1139
2000-11-09,1747,2553,1747,1398,1136
2000-11-12,1742,2553,1742,1394,1132
2000-11-13,1732,2545,1732,1386,1126
2000-11-14,1723,2535,1723,1378,1120
2000-11-15,1716,2521,1716,1373,1115
2000-11-16,1711,2514,1711,1369,1112
2000-11-19,1708,2514,1708,1366,1110
2000-11-20,1701,2512,1701,1361,1106
2000-11-21,1696,2504,1696,1357,1102
2000-11-22,1693,2498,1693,1354,1100
2000-11-23,1691,2494,1691,1353,1099
2000-11-26,1688,2494,1688,1350,1097
2000-11-27,1683,2490,1683,1346,1094
2000-11-28,1678,2482,1678,1342,1091
2000-11-29,1672,2472,1672,1338,1087
2000-11-30,1664,2464,1664,1331,1082
2000-12-03,1657,2464,1657,1326,1077
2000-12-04,1647,2438,1647,1318,1071
2000-12-05,1639,2415,1639,1311,1065
2000-12-06,1633,2399,1633,1306,1061
2000-12-07,1621,2382,1621,1297,1054
2000-12-10,1614,2382,1614,1291,1049
2000-12-11,1598,2327,1598,1278,1039
2000-12-12,1587,2274,1587,1270,1032
2000-12-13,1581,2234,1581,1265,1028
2000-12-14,1582,2210,1582,1266,1028
2000-12-17,1584,2210,1584,1267,1030
2000-12-18,1588,2198,1588,1270,1032
2000-12-19,1592,2200,1592,1274,1035
2000-12-20,1596,2199,1596,1277,1037
2000-12-21,1598,2197,1598,1278,1039
2000-12-26,1600,2197,1600,1280,1040
2000-12-27,1599,2195,1599,1279,1039
2000-12-28,1599,2191,1599,1279,1039
2001-01-02,1596,2186,1596,1277,1037
2001-01-03,1594,2182,1594,1275,1036
2001-01-04,1591,2173,1591,1273,1034
2001-01-05,1591,2166,1591,1273,1034
2001-01-08,1593,2164,1593,1274,1035
2001-01-09,1592,2165,1592,1274,1035
2001-01-10,1587,2162,1587,1270,1032
2001-01-11,1582,2150,1582,1266,1028
2001-01-12,1582,2136,1582,1266,1028
2001-01-15,1579,2127,1579,1263,1026
2001-01-16,1573,2117,1573,1258,1022
2001-01-17,1567,2092,1567,1254,1019
2001-01-18,1566,2067,1566,1253,1018
2001-01-19,1566,2055,1566,1253,1018
2001-01-22,1552,2035,1552,1242,1009
2001-01-23,1543,2018,1543,1234,1003
2001-01-24,1537,1991,1537,1230,999
2001-01-25,1528,1957,1528,1222,993
2001-01-26,1528,1953,1528,1222,993
2001-01-29,1514,1939,1514,1211,984
2001-01-30,1504,1920,1504,1203,978
2001-01-31,1493,1896,1493,1194,970
2001-02-01,1488,1874,1488,1190,967
2001-02-02,1488,1863,1488,1190,967
2001-02-05,1472,1851,1472,1178,957
2001-02-06,1461,1838,1461,1169,950
2001-02-07,1455,1830,1455,1164,946
2001-02-08,1449,1830,1449,1159,942
2001-02-09,1449,1828,1449,1159,942
2001-02-12,1445,1829,1445,1156,939
2001-02-13,1446,1833,1446,1157,940
2001-02-14,1453,1837,1453,1162,944
2001-02-15,1461,1852,1461,1169,950
2001-02-16,1461,1863,1461,1169,950
2001-02-19,1477,1872,1477,1182,960
2001-02-20,1488,1880,1488,1190,967
2001-02-21,1501,1902,1501,1201,976
2001-02-22,1510,1924,1510,1208,982
2001-02-23,1510,1940,1510,1208,982
2001-02-26,1531,1960,1531,1225,995
2001-02-27,1537,1976,1537,1230,999
2001-03-01,1537,1981,1537,1230,999
2001-03-02,1537,1975,1537,1230,999
2001-03-05,1527,1971,1527,1222,993
2001-03-06,1520,1941,1520,1216,988
2001-03-08,1500,1874,1500,1200,975
2001-03-09,1500,1831,1500,1200,975
2001-03-12,1493,1813,1493,1194,970
2001-03-13,1497,1801,1497,1198,973
2001-03-15,1506,1816,1506,1205,979
2001-03-16,1506,1817,1506,1205,979
2001-03-18,1508,1817,1508,1206,980
2001-03-19,1508,1816,1508,1206,980
2001-03-20,1508,1812,1508,1206,980
2001-03-21,1505,1810,1505,1204,978
2001-03-22,1502,1803,1502,1202,976
2001-03-25,1496,1803,1496,1197,972
2001-03-26,1486,1788,1486,1189,966
2001-03-27,1468,1779,1468,1174,954
2001-03-28,1452,1761,1452,1162,944
2001-03-29,1438,1744,1438,1150,935
2001-04-01,1430,1744,1430,1144,930
2001-04-02,1422,1718,1422,1138,924
2001-04-03,1423,1713,1423,1138,925
2001-04-04,1424,1709,1424,1139,926
2001-04-05,1424,1709,1424,1139,926
2001-04-08,1424,1709,1424,1139,926
2001-04-09,1427,1710,1427,1142,928
2001-04-10,1428,1709,1428,1142,928
2001-04-11,1428,1706,1428,1142,928
2001-04-16,1428,1706,1428,1142,928
2001-04-17,1429,1705,1429,1143,929
2001-04-18,1432,1714,1432,1146,931
2001-04-19,1441,1733,1441,1153,937
2001-04-22,1441,1733,1441,1153,937
2001-04-23,1462,1780,1462,1170,950
2001-04-25,1462,1808,1462,1170,950
2001-04-26,1463,1819,1463,1170,951
2001-04-27,1461,1825,1461,1169,950
2001-04-30,1459,1827,1459,1167,948
2001-05-01,1453,1817,1453,1162,944
2001-05-02,1453,1815,1453,1162,944
2001-05-03,1454,1813,1454,1163,945
2001-05-04,1456,1809,1456,1165,946
2001-05-08,1460,1803,1460,1168,949
2001-05-09,1465,1804,1465,1172,952
2001-05-10,1472,1810,1472,1178,957
2001-05-11,1478,1813,1478,1182,961
2001-05-14,1481,1814,1481,1185,963
2001-05-15,1479,1810,1479,1183,961
2001-05-16,1473,1801,1473,1178,957
2001-05-17,1466,1793,1466,1173,953
2001-05-18,1461,1788,1461,1169,950
2001-05-21,1452,1786,1452,1162,944
2001-05-22,1442,1781,1442,1154,937
2001-05-23,1433,1775,1433,1146,931
2001-05-24,1423,1768,1423,1138,925
2001-05-25,1416,1767,1416,1133,920
2001-05-29,1408,1762,1408,1126,915
2001-05-30,1400,1754,1400,1120,910
2001-05-31,1389,1749,1389,1111,903
2001-06-01,1382,1744,1382,1106,898
2001-06-04,1372,1737,1372,1098,892
2001-06-05,1366,1735,1366,1093,888
2001-06-06,1360,1734,1360,1088,884
2001-06-07,1356,1732,1356,1085,881
2001-06-08,1356,1737,1356,1085,881
2001-06-11,1355,1743,1355,1084,881
2001-06-12,1358,1753,1358,1086,883
2001-06-13,1366,1761,1366,1093,888
2001-06-14,1373,1766,1373,1098,892
2001-06-15,1380,1769,1380,1104,897
2001-06-18,1386,1771,1386,1109,901
2001-06-19,1387,1770,1387,1110,902
2001-06-20,1390,1768,1390,1112,904
2001-06-21,1391,1761,1391,1113,904
2001-06-22,1392,1755,1392,1114,905
2001-06-25,1393,1753,1393,1114,905
2001-06-26,1394,1751,1394,1115,906
2001-06-27,1393,1749,1393,1114,905
2001-06-28,1391,1747,1391,1113,904
2001-06-29,1386,1745,1386,1109,901
2001-07-02,1380,1743,1380,1104,897
2001-07-03,1375,1738,1375,1100,894
2001-07-04,1360,1724,1360,1088,884
2001-07-05,1347,1712,1347,1078,876
2001-07-06,1331,1692,1331,1065,865
2001-07-09,1320,1680,1320,1056,858
2001-07-10,1303,1644,1303,1042,847
2001-07-11,1286,1610,1286,1029,836
2001-07-12,1271,1584,1271,1017,826
2001-07-13,1256,1550,1256,1005,816
2001-07-16,1233,1485,1233,986,801
2001-07-17,1213,1431,1213,970,788
2001-07-18,1190,1380,1190,952,774
2001-07-19,1168,1337,1168,934,759
2001-07-20,1148,1302,1148,918,746
2001-07-23,1138,1285,1138,910,740
2001-07-24,1132,1277,1132,906,736
2001-07-25,1117,1257,1117,894,726
2001-07-26,1102,1238,1102,882,716
2001-07-27,1084,1213,1084,867,705
2001-07-30,1067,1197,1067,854,694
2001-07-31,1049,1186,1049,839,682
2001-08-01,1037,1181,1037,830,674
2001-08-02,1023,1178,1023,818,665
2001-08-03,1021,1193,1021,817,664
2001-08-06,1014,1194,1014,811,659
2001-08-07,1007,1193,1007,806,655
2001-08-08,1001,1190,1001,801,651
2001-08-09,992,1185,992,794,645
2001-08-10,982,1176,982,786,638
2001-08-13,975,1165,975,780,634
2001-08-14,971,1152,971,777,631
2001-08-15,963,1115,963,770,626
2001-08-16,967,1102,967,774,629
2001-08-17,978,1100,978,782,636
2001-08-20,979,1087,979,783,636
2001-08-21,976,1075,976,781,634
2001-08-22,973,1058,973,778,632
2001-08-23,968,1042,968,774,629
2001-08-24,961,1025,961,769,625
2001-08-28,955,1007,955,764,621
2001-08-29,946,1007,946,757,615
2001-08-30,939,977,939,751,610
2001-08-31,927,961,927,742,603
2001-09-03,918,942,918,734,597
2001-09-04,910,929,910,728,592
2001-09-05,903,912,903,722,587
2001-09-06,898,903,898,718,584
2001-09-07,899,900,899,719,584
2001-09-10,902,898,902,722,586
2001-09-11,908,909,908,726,590
2001-09-12,918,934,918,734,597
2001-09-13,924,956,924,739,601
2001-09-14,934,990,934,747,607
2001-09-17,950,1037,950,760,618
2001-09-18,974,1106,974,779,633
2001-09-19,987,1138,987,790,642
2001-09-20,994,1157,994,795,646
2001-09-21,995,1165,995,796,647
2001-09-24,995,1169,995,796,647
2001-09-25,991,1169,991,793,644
2001-09-26,983,1162,983,786,639
2001-09-27,969,1136,969,775,630
2001-09-28,952,1102,952,762,619
2001-10-01,939,1076,939,751,610
2001-10-02,926,1048,926,741,602
2001-10-03,917,1031,917,734,596
2001-10-04,910,1015,910,728,592
2001-10-05,900,998,900,720,585
2001-10-08,893,985,893,714,580
2001-10-09,889,979,889,711,578
2001-10-10,888,978,888,710,577
2001-10-11,889,981,889,711,578
2001-10-12,893,996,893,714,580
2001-10-15,897,1009,897,718,583
2001-10-16,902,1021,902,722,586
2001-10-17,905,1033,905,724,588
2001-10-18,907,1040,907,726,590
2001-10-19,908,1045,908,726,590
2001-10-22,907,1043,907,726,590
2001-10-23,903,1037,903,722,587
2001-10-24,897,1028,897,718,583
2001-10-25,891,1019,891,713,579
2001-10-26,884,1006,884,707,575
2001-10-29,879,996,879,703,571
2001-10-30,870,982,870,696,566
2001-10-31,861,970,861,689,560
2001-11-01,853,956,853,682,554
2001-11-02,850,949,850,680,552
2001-11-05,847,944,847,678,551
2001-11-06,845,937,845,676,549
2001-11-07,843,933,843,674,548
2001-11-08,844,932,844,675,549
2001-11-09,846,932,846,677,550
2001-11-12,849,938,849,679,552
2001-11-13,851,947,851,681,553
2001-11-14,854,960,854,683,555
2001-11-15,854,959,854,683,555
2001-11-16,855,978,855,684,556
2001-11-19,857,990,857,686,557
2001-11-20,857,995,857,686,557
2001-11-21,859,996,859,687,558
2001-11-22,857,992,857,686,557
2001-11-23,861,990,861,689,560
2001-11-26,864,988,864,691,562
2001-11-27,866,988,866,693,563
2001-11-28,868,987,868,694,564
2001-11-29,867,984,867,694,564
2001-11-30,868,981,868,694,564
2001-12-03,868,979,868,694,564
2001-12-04,869,977,869,695,565
2001-12-05,869,979,869,695,565
2001-12-06,871,982,871,697,566
2001-12-07,872,983,872,698,567
2001-12-10,874,988,874,699,568
2001-12-11,873,989,873,698,567
2001-12-12,873,992,873,698,567
2001-12-13,872,991,872,698,567
2001-12-14,870,986,870,696,566
2001-12-17,868,982,868,694,564
2001-12-18,866,977,866,693,563
2001-12-19,865,976,865,692,562
2001-12-20,867,978,867,694,564
2001-12-21,869,976,869,695,565
2001-12-27,871,976,871,697,566
2002-01-02,882,991,882,706,573
2002-01-03,889,1003,889,711,578
2002-01-04,896,1013,896,717,582
2002-01-07,906,1022,906,725,589
2002-01-08,917,1028,917,734,596
2002-01-09,929,1035,929,743,604
2002-01-10,941,1040,941,753,612
2002-01-11,950,1041,950,760,618
2002-01-14,956,1044,956,765,621
2002-01-15,964,1052,964,771,627
2002-01-16,969,1065,969,775,630
2002-01-17,969,1076,969,775,630
2002-01-18,964,1080,964,771,627
2002-01-21,958,1081,958,766,623
2002-01-22,950,1081,950,760,618
2002-01-23,941,1079,941,753,612
2002-01-24,931,1074,931,745,605
2002-01-25,924,1069,924,739,601
2002-01-28,920,1065,920,736,598
2002-01-29,915,1059,915,732,595
2002-01-30,910,1055,910,728,592
2002-01-31,908,1059,908,726,590
2002-02-01,908,1065,908,726,590
2002-02-04,909,1076,909,727,591
2002-02-05,909,1088,909,727,591
2002-02-06,911,1098,911,729,592
2002-02-07,915,1112,915,732,595
2002-02-08,922,1121,922,738,599
2002-02-11,927,1128,927,742,603
2002-02-12,933,1135,933,746,606
2002-02-13,940,1139,940,752,611
2002-02-14,947,1146,947,758,616
2002-02-15,955,1152,955,764,621
2002-02-18,963,1163,963,770,626
2002-02-19,970,1176,970,776,630
2002-02-20,978,1195,978,782,636
2002-02-21,992,1225,992,794,645
2002-02-22,1009,1261,1009,807,656
2002-02-25,1018,1281,1018,814,662
2002-02-26,1025,1300,1025,820,666
2002-02-27,1029,1311,1029,823,669
2002-02-28,1031,1321,1031,825,670
2002-03-01,1033,1329,1033,826,671
2002-03-04,1035,1333,1035,828,673
2002-03-05,1038,1338,1038,830,675
2002-03-06,1044,1343,1044,835,679
2002-03-07,1047,1334,1047,838,681
2002-03-08,1051,1327,1051,841,683
2002-03-11,1056,1321,1056,845,686
2002-03-12,1059,1317,1059,847,688
2002-03-13,1064,1316,1064,851,692
2002-03-14,1067,1319,1067,854,694
2002-03-15,1073,1328,1073,858,697
2002-03-18,1074,1335,1074,859,698
2002-03-19,1076,1343,1076,861,699
2002-03-20,1078,1348,1078,862,701
2002-03-21,1081,1360,1081,865,703
2002-03-22,1085,1372,1085,868,705
2002-03-25,1086,1381,1086,869,706
2002-03-26,1084,1386,1084,867,705
2002-03-27,1082,1392,1082,866,703
2002-03-28,1082,1396,1082,866,703
2002-04-02,1080,1399,1080,864,702
2002-04-03,1082,1403,1082,866,703
2002-04-04,1083,1402,1083,866,704
2002-04-05,1085,1397,1085,868,705
2002-04-08,1086,1394,1086,869,706
2002-04-09,1091,1394,1091,873,709
2002-04-10,1096,1391,1096,877,712
2002-04-11,1100,1384,1100,880,715
2002-04-12,1103,1377,1103,882,717
2002-04-15,1104,1373,1104,883,718
2002-04-16,1103,1366,1103,882,717
2002-04-17,1098,1357,1098,878,714
2002-04-18,1090,1340,1090,872,708
2002-04-19,1080,1314,1080,864,702
2002-04-22,1071,1293,1071,857,696
2002-04-23,1064,1278,1064,851,692
2002-04-24,1059,1265,1059,847,688
2002-04-25,1049,1245,1049,839,682
2002-04-26,1042,1225,1042,834,677
2002-04-29,1033,1206,1033,826,671
2002-04-30,1027,1192,1027,822,668
2002-05-01,1020,1175,1020,816,663
2002-05-02,1016,1169,1016,813,660
2002-05-03,1016,1164,1016,813,660
2002-05-07,1018,1159,1018,814,662
2002-05-08,1025,1161,1025,820,666
2002-05-09,1034,1165,1034,827,672
2002-05-10,1038,1169,1038,830,675
2002-05-13,1040,1169,1040,832,676
2002-05-14,1041,1169,1041,833,677
2002-05-15,1038,1164,1038,830,675
2002-05-16,1035,1154,1035,828,673
2002-05-17,1033,1148,1033,826,671
2002-05-20,1031,1146,1031,825,670
2002-05-21,1031,1144,1031,825,670
2002-05-22,1031,1144,1031,825,670
2002-05-23,1032,1150,1032,826,671
2002-05-24,1035,1157,1035,828,673
2002-05-27,1038,1166,1038,830,675
2002-05-28,1040,1179,1040,832,676
2002-05-29,1044,1199,1044,835,679
2002-05-30,1046,1219,1046,837,680
2002-05-31,1042,1231,1042,834,677
2002-06-05,1027,1224,1027,822,668
2002-06-06,1015,1214,1015,812,660
2002-06-07,1005,1208,1005,804,653
2002-06-10,998,1202,998,798,649
2002-06-11,991,1193,991,793,644
2002-06-12,984,1178,984,787,640
2002-06-13,978,1159,978,782,636
2002-06-14,978,1152,978,782,636
2002-06-17,978,1146,978,782,636
2002-06-18,981,1142,981,785,638
2002-06-19,984,1141,984,787,640
2002-06-20,988,1146,988,790,642
2002-06-21,993,1147,993,794,645
2002-06-24,997,1150,997,798,648
2002-06-25,1000,1151,1000,800,650
2002-06-26,1003,1153,1003,802,652
2002-06-27,1006,1154,1006,805,654
2002-06-28,1005,1156,1005,804,653
2002-07-01,1005,1156,1005,804,653
2002-07-02,1004,1155,1004,803,653
2002-07-03,1002,1156,1002,802,651
2002-07-04,1003,1158,1003,802,652
2002-07-05,1004,1158,1004,803,653
2002-07-08,1005,1161,1005,804,653
2002-07-09,1006,1163,1006,805,654
2002-07-10,1007,1163,1007,806,655
2002-07-11,1005,1157,1005,804,653
2002-07-12,1004,1154,1004,803,653
2002-07-15,1002,1150,1002,802,651
2002-07-16,998,1146,998,798,649
2002-07-17,993,1141,993,794,645
2002-07-18,985,1127,985,788,640
2002-07-19,981,1120,981,785,638
2002-07-22,976,1111,976,781,634
2002-07-23,972,1100,972,778,632
2002-07-24,964,1086,964,771,627
2002-07-25,962,1082,962,770,625
2002-07-26,962,1081,962,770,625
2002-07-29,964,1080,964,771,627
2002-07-30,965,1077,965,772,627
2002-07-31,968,1080,968,774,629
2002-08-01,970,1081,970,776,630
2002-08-02,971,1083,971,777,631
2002-08-05,971,1085,971,777,631
2002-08-06,971,1091,971,777,631
2002-08-07,972,1098,972,778,632
2002-08-08,978,1114,978,782,636
2002-08-09,986,1131,986,789,641
2002-08-12,992,1146,992,794,645
2002-08-13,999,1161,999,799,649
2002-08-14,1006,1173,1006,805,654
2002-08-15,1010,1183,1010,808,656
2002-08-16,1013,1185,1013,810,658
2002-08-19,1014,1180,1014,811,659
2002-08-20,1014,1175,1014,811,659
2002-08-21,1014,1170,1014,811,659
2002-08-22,1018,1173,1018,814,662
2002-08-23,1021,1180,1021,817,664
2002-08-27,1025,1183,1025,820,666
2002-08-28,1026,1185,1026,821,667
2002-08-29,1030,1191,1030,824,670
2002-09-03,1044,1210,1044,835,679
2002-09-04,1050,1221,1050,840,682
2002-09-05,1063,1246,1063,850,691
2002-09-06,1085,1283,1085,868,705
2002-09-09,1102,1313,1102,882,716
2002-09-10,1126,1360,1126,901,732
2002-09-11,1146,1397,1146,917,745
2002-09-12,1163,1426,1163,930,756
2002-09-13,1178,1450,1178,942,766
2002-09-16,1186,1462,1186,949,771
2002-09-17,1194,1473,1194,955,776
2002-09-18,1202,1493,1202,962,781
2002-09-19,1215,1517,1215,972,790
2002-09-20,1226,1536,1226,981,797
2002-09-23,1238,1560,1238,990,805
2002-09-24,1255,1591,1255,1004,816
2002-09-25,1285,1650,1285,1028,835
2002-09-26,1320,1715,1320,1056,858
2002-09-27,1346,1758,1346,1077,875
2002-09-30,1367,1793,1367,1094,889
2002-10-01,1371,1801,1371,1097,891
2002-10-02,1365,1799,1365,1092,887
2002-10-03,1358,1788,1358,1086,883
2002-10-04,1354,1783,1354,1083,880
2002-10-07,1351,1775,1351,1081,878
2002-10-08,1348,1765,1348,1078,876
2002-10-09,1347,1763,1347,1078,876
2002-10-10,1346,1761,1346,1077,875
2002-10-11,1343,1756,1343,1074,873
2002-10-14,1340,1748,1340,1072,871
2002-10-15,1335,1739,1335,1068,868
2002-10-16,1334,1734,1334,1067,867
2002-10-17,1343,1734,1343,1074,873
2002-10-18,1356,1740,1356,1085,881
2002-10-21,1364,1746,1364,1091,887
2002-10-22,1369,1753,1369,1095,890
2002-10-23,1376,1768,1376,1101,894
2002-10-24,1385,1789,1385,1108,900
2002-10-25,1393,1807,1393,1114,905
2002-10-28,1397,1817,1397,1118,908
2002-10-29,1403,1825,1403,1122,912
2002-10-30,1409,1825,1409,1127,916
2002-10-31,1417,1839,1417,1134,921
2002-11-01,1428,1863,1428,1142,928
2002-11-04,1430,1868,1430,1144,930
2002-11-05,1435,1876,1435,1148,933
2002-11-06,1442,1885,1442,1154,937
2002-11-07,1445,1890,1445,1156,939
2002-11-08,1446,1889,1446,1157,940
2002-11-11,1445,1885,1445,1156,939
2002-11-12,1445,1880,1445,1156,939
2002-11-13,1443,1874,1443,1154,938
2002-11-14,1444,1868,1444,1155,939
2002-11-15,1446,1864,1446,1157,940
2002-11-18,1445,1856,1445,1156,939
2002-11-19,1446,1848,1446,1157,940
2002-11-20,1447,1843,1447,1158,941
2002-11-21,1451,1843,1451,1161,943
2002-11-22,1459,1850,1459,1167,948
2002-11-25,1469,1861,1469,1175,955
2002-11-26,1489,1904,1489,1191,968
2002-11-27,1514,1950,1514,1211,984
2002-11-28,1540,1999,1540,1232,1001
2002-11-29,1560,2035,1560,1248,1014
2002-12-02,1573,2056,1573,1258,1022
2002-12-03,1582,2059,1582,1266,1028
2002-12-04,1592,2064,1592,1274,1035
2002-12-05,1602,2078,1602,1282,1041
2002-12-06,1612,2088,1612,1290,1048
2002-12-09,1625,2112,1625,1300,1056
2002-12-10,1637,2141,1637,1310,1064
2002-12-11,1651,2169,1651,1321,1073
2002-12-12,1663,2195,1663,1330,1081
2002-12-13,1689,2258,1689,1351,1098
2002-12-16,1704,2295,1704,1363,1108
2002-12-17,1714,2320,1714,1371,1114
2002-12-18,1728,2354,1728,1382,1123
2002-12-19,1735,2372,1735,1388,1128
2002-12-20,1737,2375,1737,1390,1129
2002-12-23,1739,2381,1739,1391,1130
2002-12-24,1738,2380,1738,1390,1130
2003-01-02,1738,2393,1738,1390,1130
2003-01-03,1739,2411,1739,1391,1130
2003-01-06,1742,2426,1742,1394,1132
2003-01-07,1746,2432,1746,1397,1135
2003-01-08,1749,2432,1749,1399,1137
2003-01-09,1758,2431,1758,1406,1143
2003-01-10,1761,2418,1761,1409,1145
2003-01-13,1760,2408,1760,1408,1144
2003-01-14,1753,2376,1753,1402,1139
2003-01-15,1748,2342,1748,1398,1136
2003-01-16,1733,2285,1733,1386,1126
2003-01-17,1722,2244,1722,1378,1119
2003-01-20,1718,2226,1718,1374,1117
2003-01-21,1715,2218,1715,1372,1115
2003-01-22,1704,2199,1704,1363,1108
2003-01-23,1680,2175,1680,1344,1092
2003-01-24,1653,2161,1653,1322,1074
2003-01-27,1626,2144,1626,1301,1057
2003-01-28,1593,2121,1593,1274,1035
2003-01-29,1557,2086,1557,1246,1012
2003-01-30,1540,2062,1540,1232,1001
2003-01-31,1530,2037,1530,1224,994
2003-02-03,1530,2025,1530,1224,994
2003-02-04,1542,2016,1542,1234,1002
2003-02-05,1559,2017,1559,1247,1013
2003-02-06,1577,2025,1577,1262,1025
2003-02-07,1596,2059,1596,1277,1037
2003-02-10,1610,2090,1610,1288,1046
2003-02-11,1627,2136,1627,1302,1058
2003-02-12,1639,2176,1639,1311,1065
2003-02-13,1659,2234,1659,1327,1078
2003-02-14,1673,2275,1673,1338,1087
2003-02-17,1693,2335,1693,1354,1100
2003-02-18,1709,2385,1709,1367,1111
2003-02-19,1728,2437,1728,1382,1123
2003-02-20,1745,2472,1745,1396,1134
2003-02-21,1758,2492,1758,1406,1143
2003-02-24,1767,2502,1767,1414,1149
2003-02-25,1768,2508,1768,1414,1149
2003-02-26,1767,2505,1767,1414,1149
2003-02-27,1763,2493,1763,1410,1146
2003-02-28,1764,2485,1764,1411,1147
2003-03-03,1762,2474,1762,1410,1145
2003-03-04,1754,2450,1754,1403,1140
2003-03-05,1749,2440,1749,1399,1137
2003-03-06,1748,2433,1748,1398,1136
2003-03-07,1753,2431,1753,1402,1139
2003-03-10,1756,2430,1756,1405,1141
2003-03-11,1765,2429,1765,1412,1147
2003-03-12,1779,2433,1779,1423,1156
2003-03-13,1802,2459,1802,1442,1171
2003-03-14,1833,2502,1833,1466,1191
2003-03-17,1863,2548,1863,1490,1211
2003-03-18,1887,2573,1887,1510,1227
2003-03-19,1909,2600,1909,1527,1241
2003-03-20,1924,2629,1924,1539,1251
2003-03-21,1935,2651,1935,1548,1258
2003-03-24,1940,2662,1940,1552,1261
2003-03-25,1940,2660,1940,1552,1261
2003-03-26,1936,2646,1936,1549,1258
2003-03-27,1933,2630,1933,1546,1256
2003-03-28,1938,2621,1938,1550,1260
2003-03-31,1939,2609,1939,1551,1260
2003-04-01,1943,2608,1943,1554,1263
2003-04-02,1959,2634,1959,1567,1273
2003-04-03,1977,2660,1977,1582,1285
2003-04-04,1977,2660,1977,1582,1285
2003-04-07,2011,2695,2011,1609,1307
2003-04-08,2022,2699,2022,1618,1314
2003-04-09,2034,2704,2034,1627,1322
2003-04-10,2051,2711,2051,1641,1333
2003-04-11,2069,2718,2069,1655,1345
2003-04-14,2081,2725,2081,1665,1353
2003-04-15,2088,2722,2088,1670,1357
2003-04-16,2091,2721,2091,1673,1359
2003-04-17,2093,2725,2093,1674,1360
2003-04-22,2097,2734,2097,1678,1363
2003-04-23,2105,2756,2105,1684,1368
2003-04-24,2115,2773,2115,1692,1375
2003-04-25,2124,2781,2124,1699,1381
2003-04-28,2133,2790,2133,1706,1386
2003-04-29,2139,2795,2139,1711,1390
2003-04-30,2142,2797,2142,1714,1392
2003-05-01,2145,2797,2145,1716,1394
2003-05-02,2152,2810,2152,1722,1399
2003-05-06,2160,2818,2160,1728,1404
2003-05-07,2173,2829,2173,1738,1412
2003-05-08,2193,2860,2193,1754,1425
2003-05-09,2212,2886,2212,1770,1438
2003-05-12,2227,2906,2227,1782,1448
2003-05-13,2248,2937,2248,1798,1461
2003-05-14,2266,2964,2266,1813,1473
2003-05-15,2291,3008,2291,1833,1489
2003-05-16,2317,3083,2317,1854,1506
2003-05-19,2317,3083,2317,1854,1506
2003-05-21,2325,3145,2325,1860,1511
2003-05-23,2272,3078,2272,1818,1477
2003-05-27,2218,2989,2218,1774,1442
2003-05-28,2178,2904,2178,1742,1416
2003-05-29,2145,2826,2145,1716,1394
2003-05-30,2127,2792,2127,1702,1383
2003-06-02,2116,2770,2116,1693,1375
2003-06-03,2123,2798,2123,1698,1380
2003-06-04,2128,2834,2128,1702,1383
2003-06-05,2135,2881,2135,1708,1388
2003-06-06,2135,2881,2135,1708,1388
2003-06-10,2130,2945,2130,1704,1384
2003-06-11,2132,2952,2132,1706,1386
2003-06-12,2135,2957,2135,1708,1388
2003-06-13,2141,2955,2141,1713,1392
2003-06-16,2146,2951,2146,1717,1395
2003-06-17,2149,2942,2149,1719,1397
2003-06-18,2154,2940,2154,1723,1400
2003-06-19,2153,2935,2153,1722,1399
2003-06-23,2143,2915,2143,1714,1393
2003-06-24,2134,2890,2134,1707,1387
2003-06-25,2131,2866,2131,1705,1385
2003-06-26,2129,2830,2129,1703,1384
2003-06-30,2125,2772,2125,1700,1381
2003-07-01,2123,2748,2123,1698,1380
2003-07-02,2127,2741,2127,1702,1383
2003-07-03,2131,2738,2131,1705,1385
2003-07-04,2137,2736,2137,1710,1389
2003-07-07,2143,2744,2143,1714,1393
2003-07-08,2155,2767,2155,1724,1401
2003-07-09,2168,2791,2168,1734,1409
2003-07-10,2194,2852,2194,1755,1426
2003-07-11,2217,2909,2217,1774,1441
2003-07-14,2231,2935,2231,1785,1450
2003-07-15,2238,2941,2238,1790,1455
2003-07-17,2236,2907,2236,1789,1453
2003-07-18,2234,2893,2234,1787,1452
2003-07-21,2229,2881,2229,1783,1449
2003-07-23,2211,2858,2211,1769,1437
2003-07-24,2208,2869,2208,1766,1435
2003-07-25,2206,2886,2206,1765,1434
2003-07-28,2203,2892,2203,1762,1432
2003-07-30,2186,2906,2186,1749,1421
2003-07-31,2181,2925,2181,1745,1418
2003-08-01,2176,2948,2176,1741,1414
2003-08-04,2181,2987,2181,1745,1418
2003-08-05,2198,3031,2198,1758,1429
2003-08-06,2230,3096,2230,1784,1450
2003-08-08,2287,3180,2287,1830,1487
2003-08-11,2298,3198,2298,1838,1494
2003-08-12,2314,3216,2314,1851,1504
2003-08-13,2326,3240,2326,1861,1512
2003-08-14,2336,3265,2336,1869,1518
2003-08-15,2343,3293,2343,1874,1523
2003-08-18,2343,3301,2343,1874,1523
2003-08-19,2340,3301,2340,1872,1521
2003-08-20,2331,3298,2331,1865,1515
2003-08-21,2322,3296,2322,1858,1509
2003-08-26,2297,3268,2297,1838,1493
2003-08-27,2284,3252,2284,1827,1485
2003-08-28,2272,3228,2272,1818,1477
2003-08-29,2265,3209,2265,1812,1472
2003-09-01,2262,3193,2262,1810,1470
2003-09-02,2265,3188,2265,1812,1472
2003-09-03,2273,3197,2273,1818,1477
2003-09-04,2284,3215,2284,1827,1485
2003-09-05,2304,3266,2304,1843,1498
2003-09-08,2320,3307,2320,1856,1508
2003-09-10,2341,3366,2341,1873,1522
2003-09-11,2352,3397,2352,1882,1529
2003-09-12,2364,3421,2364,1891,1537
2003-09-15,2379,3447,2379,1903,1546
2003-09-16,2393,3465,2393,1914,1555
2003-09-17,2408,3479,2408,1926,1565
2003-09-18,2431,3503,2431,1945,1580
2003-09-19,2467,3546,2467,1974,1604
2003-09-22,2501,3602,2501,2001,1626
2003-09-24,2501,3602,2501,2001,1626
2003-09-25,2709,3989,2709,2167,1761
2003-09-26,2709,3989,2709,2167,1761
2003-09-29,2870,4199,2870,2296,1866
2003-09-30,2993,4386,2993,2394,1945
2003-10-02,3138,4608,3138,2510,2040
2003-10-03,3245,4772,3245,2596,2109
2003-10-06,3529,5147,3529,2823,2294
2003-10-07,3668,5303,3668,2934,2384
2003-10-08,3829,5467,3829,3063,2489
2003-10-09,4049,5763,4049,3239,2632
2003-10-13,4270,6230,4270,3416,2776
2003-10-14,4299,6408,4299,3439,2794
2003-10-15,4286,6554,4286,3429,2786
2003-10-16,4286,6554,4286,3429,2786
2003-10-17,4363,6770,4363,3490,2836
2003-10-20,4421,6853,4421,3537,2874
2003-10-21,4477,6854,4477,3582,2910
2003-10-22,4514,6825,4514,3611,2934
2003-10-24,4517,6674,4517,3614,2936
2003-10-27,4539,6650,4539,3631,2950
2003-10-28,4547,6627,4547,3638,2956
2003-10-29,4550,6614,4550,3640,2958
2003-10-30,4560,6638,4560,3648,2964
2003-10-31,4555,6655,4555,3644,2961
2003-11-03,4558,6659,4558,3646,2963
2003-11-04,4524,6656,4524,3619,2941
2003-11-05,4524,6656,4524,3619,2941
2003-11-06,4349,6529,4349,3479,2827
2003-11-07,4349,6529,4349,3479,2827
2003-11-10,4274,6429,4274,3419,2778
2003-11-11,4243,6376,4243,3394,2758
2003-11-12,4205,6308,4205,3364,2733
2003-11-13,4142,6149,4142,3314,2692
2003-11-14,4078,5984,4078,3262,2651
2003-11-17,4046,5909,4046,3237,2630
2003-11-18,4026,5867,4026,3221,2617
2003-11-20,4076,5895,4076,3261,2649
2003-11-21,4144,5986,4144,3315,2694
2003-11-24,4193,6053,4193,3354,2725
2003-11-25,4257,6142,4257,3406,2767
2003-11-26,4329,6210,4329,3463,2814
2003-11-27,4378,6245,4378,3502,2846
2003-11-28,4417,6249,4417,3534,2871
2003-12-01,4442,6250,4442,3554,2887
2003-12-02,4464,6254,4464,3571,2902
2003-12-03,4484,6268,4484,3587,2915
2003-12-04,4493,6279,4493,3594,2920
2003-12-05,4515,6351,4515,3612,2935
2003-12-08,4526,6397,4526,3621,2942
2003-12-09,4526,6397,4526,3621,2942
2003-12-10,4570,6531,4570,3656,2970
2003-12-12,4638,6641,4638,3710,3015
2003-12-15,4658,6667,4658,3726,3028
2003-12-16,4668,6682,4668,3734,3034
2003-12-17,4675,6677,4675,3740,3039
2003-12-18,4694,6734,4694,3755,3051
2003-12-19,4721,6807,4721,3777,3069
2003-12-22,4741,6862,4741,3793,3082
2003-12-29,4761,6902,4761,3809,3095
2004-01-02,4761,6919,4761,3809,3095
2004-01-05,4757,6925,4757,3806,3092
2004-01-08,4901,7141,4901,3921,3186
2004-01-09,5046,7349,5046,4037,3280
2004-01-12,5256,7732,5256,4205,3416
2004-01-13,5391,7912,5391,4313,3504
2004-01-14,5459,8030,5459,4367,3548
2004-01-16,5493,8154,5493,4394,3570
2004-01-20,5418,8050,5418,4334,3522
2004-01-21,5345,7892,5345,4276,3474
2004-01-22,5299,7775,5299,4239,3444
2004-01-23,5273,7680,5273,4218,3427
2004-01-26,5262,7585,5262,4210,3420
2004-01-27,5276,7497,5276,4221,3429
2004-01-28,5340,7477,5340,4272,3471
2004-01-29,5457,7545,5457,4366,3547
2004-01-30,5551,7682,5551,4441,3608
2004-02-02,5618,7790,5618,4494,3652
2004-02-04,5681,7947,5681,4545,3693
2004-02-05,5653,7901,5653,4522,3674
2004-02-06,5608,7773,5608,4486,3645
2004-02-09,5545,7607,5545,4436,3604
2004-02-10,5458,7380,5458,4366,3548
2004-02-11,5365,7183,5365,4292,3487
2004-02-12,5276,7036,5276,4221,3429
2004-02-13,5242,6937,5242,4194,3407
2004-02-16,5250,6906,5250,4200,3412
2004-02-17,5290,6900,5290,4232,3438
2004-02-18,5376,6989,5376,4301,3494
2004-02-19,5461,7103,5461,4369,3550
2004-02-20,5516,7173,5516,4413,3585
2004-02-23,5536,7197,5536,4429,3598
2004-02-24,5488,7081,5488,4390,3567
2004-02-25,5394,6866,5394,4315,3506
2004-02-26,5317,6700,5317,4254,3456
2004-02-27,5263,6583,5263,4210,3421
2004-03-01,5205,6459,5205,4164,3383
2004-03-02,5150,6344,5150,4120,3348
2004-03-03,5109,6302,5109,4087,3321
2004-03-04,5135,6382,5135,4108,3338
2004-03-05,5235,6560,5235,4188,3403
2004-03-08,5300,6682,5300,4240,3445
2004-03-09,5344,6729,5344,4275,3474
2004-03-10,5382,6734,5382,4306,3498
2004-03-11,5384,6695,5384,4307,3500
2004-03-12,5352,6586,5352,4282,3479
2004-03-15,5280,6400,5280,4224,3432
2004-03-16,5204,6234,5204,4163,3383
2004-03-17,5122,6095,5122,4098,3329
2004-03-18,5058,5957,5058,4046,3288
2004-03-22,5042,5964,5042,4034,3277
2004-03-23,5044,5984,5044,4035,3279
2004-03-24,5033,5996,5033,4026,3271
2004-03-25,4999,5979,4999,3999,3249
2004-03-26,4959,5917,4959,3967,3223
2004-03-29,4927,5872,4927,3942,3203
2004-03-30,4886,5805,4886,3909,3176
2004-03-31,4822,5693,4822,3858,3134
2004-04-05,4675,5406,4675,3740,3039
2004-04-06,4631,5313,4631,3705,3010
2004-04-07,4604,5274,4604,3683,2993
2004-04-08,4566,5216,4566,3653,2968
2004-04-13,4552,5204,4552,3642,2959
2004-04-14,4571,5276,4571,3657,2971
2004-04-15,4590,5327,4590,3672,2984
2004-04-16,4610,5386,4610,3688,2996
2004-04-19,4635,5463,4635,3708,3013
2004-04-20,4640,5520,4640,3712,3016
2004-04-22,4545,5571,4545,3636,2954
2004-04-23,4461,5485,4461,3569,2900
2004-04-27,4229,5235,4229,3383,2749
2004-04-28,4064,5090,4064,3251,2642
2004-04-29,3982,4959,3982,3186,2588
2004-04-30,3958,4844,3958,3166,2573
2004-05-04,3933,4734,3933,3146,2556
2004-05-05,3909,4610,3909,3127,2541
2004-05-06,3910,4561,3910,3128,2542
2004-05-07,3924,4555,3924,3139,2551
2004-05-10,3928,4560,3928,3142,2553
2004-05-11,3900,4499,3900,3120,2535
2004-05-12,3827,4411,3827,3062,2488
2004-05-13,3747,4355,3747,2998,2436
2004-05-14,3638,4294,3638,2910,2365
2004-05-17,3535,4223,3535,2828,2298
2004-05-18,3452,4172,3452,2762,2244
2004-05-19,3391,4128,3391,2713,2204
2004-05-20,3348,4089,3348,2678,2176
2004-05-21,3336,4070,3336,2669,2168
2004-05-24,3331,4059,3331,2665,2165
2004-05-25,3327,4049,3327,2662,2163
2004-05-26,3308,4030,3308,2646,2150
2004-05-27,3288,4066,3288,2630,2137
2004-05-28,3286,4168,3286,2629,2136
2004-06-01,3282,4247,3282,2626,2133
2004-06-02,3266,4295,3266,2613,2123
2004-06-03,3239,4303,3239,2591,2105
2004-06-04,3185,4260,3185,2548,2070
2004-06-07,3134,4189,3134,2507,2037
2004-06-08,3067,4084,3067,2454,1994
2004-06-10,2939,3910,2939,2351,1910
2004-06-11,2887,3823,2887,2310,1877
2004-06-14,2849,3771,2849,2279,1852
2004-06-15,2810,3721,2810,2248,1826
2004-06-16,2762,3675,2762,2210,1795
2004-06-17,2718,3641,2718,2174,1767
2004-06-18,2667,3608,2667,2134,1734
2004-06-23,2632,3621,2632,2106,1711
2004-06-24,2682,3705,2682,2146,1743
2004-06-28,2812,3953,2812,2250,1828
2004-06-29,2895,4067,2895,2316,1882
2004-06-30,3005,4190,3005,2404,1953
2004-07-01,3115,4333,3115,2492,2025
2004-07-02,3207,4481,3207,2566,2085
2004-07-05,3287,4572,3287,2630,2137
2004-07-06,3400,4697,3400,2720,2210
2004-07-07,3545,4861,3545,2836,2304
2004-07-08,3716,4992,3716,2973,2415
2004-07-09,3716,4992,3716,2973,2415
2004-07-12,4025,5253,4025,3220,2616
2004-07-13,4086,5293,4086,3269,2656
2004-07-14,4068,5307,4068,3254,2644
2004-07-15,4021,5310,4021,3217,2614
2004-07-16,3971,5296,3971,3177,2581
2004-07-19,3930,5255,3930,3144,2554
2004-07-20,3888,5200,3888,3110,2527
2004-07-21,3841,5145,3841,3073,2497
2004-07-22,3800,5118,3800,3040,2470
2004-07-23,3799,5166,3799,3039,2469
2004-07-26,3814,5213,3814,3051,2479
2004-07-27,3832,5250,3832,3066,2491
2004-08-03,4177,5963,4177,3342,2715
2004-08-04,4205,6032,4205,3364,2733
2004-08-05,4180,6012,4180,3344,2717
2004-08-06,4129,5959,4129,3303,2684
2004-08-09,4100,5927,4100,3280,2665
2004-08-10,4088,5915,4088,3270,2657
2004-08-11,4098,5951,4098,3278,2664
2004-08-12,4120,5989,4120,3296,2678
2004-08-13,4148,6026,4148,3318,2696
2004-08-16,4161,6043,4161,3329,2705
2004-08-17,4180,6054,4180,3344,2717
2004-08-18,4188,6032,4188,3350,2722
2004-08-19,4193,5985,4193,3354,2725
2004-08-20,4195,5916,4195,3356,2727
2004-08-23,4206,5882,4206,3365,2734
2004-08-24,4213,5883,4213,3370,2738
2004-08-25,4224,5907,4224,3379,2746
2004-08-27,4225,5919,4225,3380,2746
2004-08-31,4186,5860,4186,3349,2721
2004-09-01,4134,5796,4134,3307,2687
2004-09-02,4077,5685,4077,3262,2650
2004-09-03,4040,5592,4040,3232,2626
2004-09-06,4014,5506,4014,3211,2609
2004-09-07,4018,5503,4018,3214,2612
2004-09-09,4109,5683,4109,3287,2671
2004-09-10,4163,5779,4163,3330,2706
2004-09-13,4192,5814,4192,3354,2725
2004-09-14,4205,5800,4205,3364,2733
2004-09-15,4208,5776,4208,3366,2735
2004-09-16,4214,5748,4214,3371,2739
2004-09-17,4220,5708,4220,3376,2743
2004-09-20,4233,5689,4233,3386,2751
2004-09-21,4229,5635,4229,3383,2749
2004-09-22,4222,5571,4222,3378,2744
2004-09-23,4180,5400,4180,3344,2717
2004-09-24,4149,5305,4149,3319,2697
2004-09-27,4123,5232,4123,3298,2680
2004-09-28,4106,5208,4106,3285,2669
2004-09-29,4100,5205,4100,3280,2665
2004-09-30,4105,5225,4105,3284,2668
2004-10-06,4157,5358,4157,3326,2702
2004-10-07,4254,5580,4254,3403,2765
2004-10-08,4313,5700,4313,3450,2803
2004-10-11,4354,5783,4354,3483,2830
2004-10-12,4408,5863,4408,3526,2865
2004-10-13,4473,5944,4473,3578,2907
2004-10-14,4522,5985,4522,3618,2939
2004-10-15,4572,6016,4572,3658,2972
2004-10-18,4602,6039,4602,3682,2991
2004-10-19,4625,6068,4625,3700,3006
2004-10-20,4663,6133,4663,3730,3031
2004-10-21,4727,6264,4727,3782,3073
2004-10-25,4828,6426,4828,3862,3138
2004-10-26,4877,6511,4877,3902,3170
2004-10-27,4901,6575,4901,3921,3186
2004-11-01,4928,6703,4928,3942,3203
2004-11-02,4937,6785,4937,3950,3209
2004-11-03,4950,6894,4950,3960,3218
2004-11-04,4950,6894,4950,3960,3218
2004-11-05,5027,7140,5027,4022,3268
2004-11-08,5040,7171,5040,4032,3276
2004-11-09,5060,7206,5060,4048,3289
2004-11-10,5082,7256,5082,4066,3303
2004-11-11,5107,7297,5107,4086,3320
2004-11-12,5125,7311,5125,4100,3331
2004-11-15,5152,7333,5152,4122,3349
2004-11-16,5191,7355,5191,4153,3374
2004-11-17,5264,7414,5264,4211,3422
2004-11-18,5335,7475,5335,4268,3468
2004-11-19,5393,7520,5393,4314,3505
2004-11-22,5442,7565,5442,4354,3537
2004-11-23,5514,7624,5514,4411,3584
2004-11-24,5626,7739,5626,4501,3657
2004-11-25,5734,7892,5734,4587,3727
2004-11-26,5870,8096,5870,4696,3816
2004-11-29,5974,8217,5974,4779,3883
2004-11-30,6051,8335,6051,4841,3933
2004-12-01,6092,8417,6092,4874,3960
2004-12-02,6134,8562,6134,4907,3987
2004-12-03,6172,8712,6172,4938,4012
2004-12-06,6208,8858,6208,4966,4035
2004-12-07,6200,8911,6200,4960,4030
2004-12-08,6136,8868,6136,4909,3988
2004-12-09,6013,8663,6013,4810,3908
2004-12-13,5747,8243,5747,4598,3736
2004-12-14,5551,7887,5551,4441,3608
2004-12-15,5363,7517,5363,4290,3486
2004-12-16,5176,7060,5176,4141,3364
2004-12-17,5003,6592,5003,4002,3252
2004-12-20,4899,6384,4899,3919,3184
2004-12-21,4812,6264,4812,3850,3128
2004-12-22,4719,6163,4719,3775,3067
2004-12-23,4639,6077,4639,3711,3015
2004-12-24,4598,6054,4598,3678,2989
2005-01-04,4456,5951,4456,3565,2896
2005-01-05,4395,5910,4395,3516,2857
2005-01-06,4405,5885,4405,3524,2863
2005-01-07,4485,5927,4485,3588,2915
2005-01-10,4627,6166,4627,3702,3008
2005-01-11,4726,6331,4726,3781,3072
2005-01-13,4774,6465,4774,3819,3103
2005-01-14,4721,6387,4721,3777,3069
2005-01-17,4668,6302,4668,3734,3034
2005-01-18,4591,6179,4591,3673,2984
2005-01-20,4358,5711,4358,3486,2833
2005-01-21,4301,5666,4301,3441,2796
2005-01-24,4292,5709,4292,3434,2790
2005-01-25,4307,5789,4307,3446,2800
2005-01-26,4340,5906,4340,3472,2821
2005-01-27,4396,6028,4396,3517,2857
2005-01-28,4461,6169,4461,3569,2900
2005-01-31,4488,6227,4488,3590,2917
2005-02-01,4470,6212,4470,3576,2906
2005-02-02,4408,6122,4408,3526,2865
2005-02-03,4313,5978,4313,3450,2803
2005-02-04,4246,5909,4246,3397,2760
2005-02-07,4192,5805,4192,3354,2725
2005-02-08,4175,5786,4175,3340,2714
2005-02-09,4223,5888,4223,3378,2745
2005-02-10,4320,6106,4320,3456,2808
2005-02-11,4378,6213,4378,3502,2846
2005-02-14,4378,6213,4378,3502,2846
2005-02-15,4511,6432,4511,3609,2932
2005-02-16,4593,6511,4593,3674,2985
2005-02-17,4593,6511,4593,3674,2985
2005-02-18,4763,6679,4763,3810,3096
2005-02-21,4833,6768,4833,3866,3141
2005-02-22,4878,6801,4878,3902,3171
2005-02-23,4880,6743,4880,3904,3172
2005-02-24,4834,6624,4834,3867,3142
2005-02-25,4771,6469,4771,3817,3101
2005-02-28,4726,6376,4726,3781,3072
2005-03-01,4663,6242,4663,3730,3031
2005-03-02,4619,6147,4619,3695,3002
2005-03-03,4619,6153,4619,3695,3002
2005-03-04,4652,6186,4652,3722,3024
2005-03-07,4700,6278,4700,3760,3055
2005-03-08,4745,6353,4745,3796,3084
2005-03-09,4781,6367,4781,3825,3108
2005-03-10,4791,6293,4791,3833,3114
2005-03-14,4741,6054,4741,3793,3082
2005-03-15,4741,5913,4741,3793,3082
2005-03-16,4596,5691,4596,3677,2987
2005-03-17,4575,5664,4575,3660,2974
2005-03-18,4625,5786,4625,3700,3006
2005-03-22,4665,5873,4665,3732,3032
2005-03-23,4665,5872,4665,3732,3032
2005-03-29,4672,5868,4672,3738,3037
2005-03-30,4653,5877,4653,3722,3024
2005-04-01,4627,5991,4627,3702,3008
2005-04-04,4631,6061,4631,3705,3010
2005-04-05,4649,6194,4649,3719,3022
2005-04-06,4660,6301,4660,3728,3029
2005-04-07,4676,6375,4676,3741,3039
2005-04-08,4699,6457,4699,3759,3054
2005-04-11,4721,6527,4721,3777,3069
2005-04-12,4753,6591,4753,3802,3089
2005-04-13,4804,6682,4804,3843,3123
2005-04-14,4824,6725,4824,3859,3136
2005-04-15,4835,6783,4835,3868,3143
2005-04-18,4810,6769,4810,3848,3126
2005-04-19,4735,6672,4735,3788,3078
2005-04-20,4620,6535,4620,3696,3003
2005-04-21,4504,6460,4504,3603,2928
2005-04-22,4381,6386,4381,3505,2848
2005-04-25,4284,6313,4284,3427,2785
2005-04-26,4284,6313,4284,3427,2785
2005-04-28,3921,5743,3921,3137,2549
2005-05-03,3815,5612,3815,3052,2480
2005-05-04,3835,5574,3835,3068,2493
2005-05-05,3898,5584,3898,3118,2534
2005-05-06,3969,5639,3969,3175,2580
2005-05-09,4024,5712,4024,3219,2616
2005-05-10,4016,5727,4016,3213,2610
2005-05-11,3931,5653,3931,3145,2555
2005-05-12,3832,5514,3832,3066,2491
2005-05-13,3770,5414,3770,3016,2450
2005-05-16,3733,5361,3733,2986,2426
2005-05-18,3637,5098,3637,2910,2364
2005-05-19,3559,4840,3559,2847,2313
2005-05-20,3523,4722,3523,2818,2290
2005-05-23,3496,4647,3496,2797,2272
2005-05-24,3430,4469,3430,2744,2230
2005-05-25,3366,4310,3366,2693,2188
2005-05-26,3317,4195,3317,2654,2156
2005-05-27,3279,4089,3279,2623,2131
2005-05-31,3219,3893,3219,2575,2092
2005-06-01,3180,3744,3180,2544,2067
2005-06-02,3125,3547,3125,2500,2031
2005-06-03,3093,3431,3093,2474,2010
2005-06-06,3041,3306,3041,2433,1977
2005-06-07,2995,3224,2995,2396,1947
2005-06-08,2931,3163,2931,2345,1905
2005-06-09,2889,3160,2889,2311,1878
2005-06-10,2821,3084,2821,2257,1834
2005-06-13,2762,3005,2762,2210,1795
2005-06-14,2705,2936,2705,2164,1758
2005-06-15,2636,2847,2636,2109,1713
2005-06-16,2586,2783,2586,2069,1681
2005-06-17,2543,2735,2543,2034,1653
2005-06-20,2518,2720,2518,2014,1637
2005-06-21,2510,2769,2510,2008,1632
2005-06-22,2548,2908,2548,2038,1656
2005-06-23,2593,3013,2593,2074,1685
2005-06-24,2617,3075,2617,2094,1701
2005-06-28,2606,3105,2606,2085,1694
2005-06-29,2573,3064,2573,2058,1672
2005-06-30,2521,2987,2521,2017,1639
2005-07-01,2486,2982,2486,1989,1616
2005-07-04,2461,2999,2461,1969,1600
2005-07-05,2434,3043,2434,1947,1582
2005-07-06,2402,3071,2402,1922,1561
2005-07-07,2384,3078,2384,1907,1550
2005-07-08,2365,3090,2365,1892,1537
2005-07-11,2354,3108,2354,1883,1530
2005-07-12,2345,3136,2345,1876,1524
2005-07-14,2320,3193,2320,1856,1508
2005-07-15,2320,3207,2320,1856,1508
2005-07-18,2285,3187,2285,1828,1485
2005-07-19,2247,3126,2247,1798,1461
2005-07-20,2201,3061,2201,1761,1431
2005-07-21,2133,2930,2133,1706,1386
2005-07-25,2004,2705,2004,1603,1303
2005-07-26,1951,2603,1951,1561,1268
2005-07-27,1896,2509,1896,1517,1232
2005-07-28,1851,2438,1851,1481,1203
2005-07-29,1804,2373,1804,1443,1173
2005-08-01,1770,2327,1770,1416,1150
2005-08-02,1749,2319,1749,1399,1137
2005-08-03,1747,2339,1747,1398,1136
2005-08-04,1769,2389,1769,1415,1150
2005-08-05,1819,2481,1819,1455,1182
2005-08-08,1868,2570,1868,1494,1214
2005-08-09,1907,2643,1907,1526,1240
2005-08-10,1959,2724,1959,1567,1273
2005-08-11,2044,2822,2044,1635,1329
2005-08-12,2125,2912,2125,1700,1381
2005-08-15,2169,2955,2169,1735,1410
2005-08-16,2215,3001,2215,1772,1440
2005-08-17,2286,3076,2286,1829,1486
2005-08-18,2372,3168,2372,1898,1542
2005-08-19,2478,3334,2478,1982,1611
2005-08-22,2567,3393,2567,2054,1669
2005-08-23,2612,3452,2612,2090,1698
2005-08-24,2634,3539,2634,2107,1712
2005-08-25,2631,3586,2631,2105,1710
2005-08-26,2625,3637,2625,2100,1706
2005-08-30,2608,3683,2608,2086,1695
2005-08-31,2592,3735,2592,2074,1685
2005-09-01,2548,3702,2548,2038,1656
2005-09-02,2479,3572,2479,1983,1611
2005-09-05,2424,3450,2424,1939,1576
2005-09-06,2418,3413,2418,1934,1572
2005-09-07,2480,3500,2480,1984,1612
2005-09-08,2561,3624,2561,2049,1665
2005-09-09,2626,3726,2626,2101,1707
2005-09-12,2701,3882,2701,2161,1756
2005-09-13,2766,3981,2766,2213,1798
2005-09-14,2819,4049,2819,2255,1832
2005-09-15,2885,4146,2885,2308,1875
2005-09-16,2949,4248,2949,2359,1917
2005-09-19,2977,4295,2977,2382,1935
2005-09-20,3011,4324,3011,2409,1957
2005-09-21,3056,4335,3056,2445,1986
2005-09-22,3073,4287,3073,2458,1997
2005-09-23,3069,4290,3069,2455,1995
2005-09-26,3058,4298,3058,2446,1988
2005-09-27,3011,4290,3011,2409,1957
2005-09-28,2953,4242,2953,2362,1919
2005-09-29,2907,4175,2907,2326,1890
2005-09-30,2907,4190,2907,2326,1890
2005-10-03,2944,4285,2944,2355,1914
2005-10-04,2981,4352,2981,2385,1938
2005-10-05,3019,4426,3019,2415,1962
2005-10-06,3062,4488,3062,2450,1990
2005-10-07,3098,4543,3098,2478,2014
2005-10-10,3137,4615,3137,2510,2039
2005-10-11,3202,4767,3202,2562,2081
2005-10-12,3273,4929,3273,2618,2127
2005-10-13,3337,5065,3337,2670,2169
2005-10-14,3370,5125,3370,2696,2190
2005-10-17,3361,5093,3361,2689,2185
2005-10-18,3305,4959,3305,2644,2148
2005-10-19,3227,4854,3227,2582,2098
2005-10-20,3162,4745,3162,2530,2055
2005-10-21,3130,4669,3130,2504,2034
2005-10-24,3116,4613,3116,2493,2025
2005-10-25,3125,4598,3125,2500,2031
2005-10-26,3139,4615,3139,2511,2040
2005-10-27,3149,4631,3149,2519,2047
2005-10-28,3140,4619,3140,2512,2041
2005-10-31,3113,4592,3113,2490,2023
2005-11-01,3081,4561,3081,2465,2003
2005-11-02,3030,4487,3030,2424,1970
2005-11-03,2988,4394,2988,2390,1942
2005-11-04,2967,4341,2967,2374,1929
2005-11-07,2945,4276,2945,2356,1914
2005-11-08,2935,4273,2935,2348,1908
2005-11-09,2946,4338,2946,2357,1915
2005-11-10,3004,4524,3004,2403,1953
2005-11-11,3033,4610,3033,2426,1971
2005-11-14,3048,4652,3048,2438,1981
2005-11-15,3029,4637,3029,2423,1969
2005-11-16,2991,4600,2991,2393,1944
2005-11-17,2935,4520,2935,2348,1908
2005-11-18,2898,4475,2898,2318,1884
2005-11-21,2869,4438,2869,2295,1865
2005-11-22,2837,4382,2837,2270,1844
2005-11-23,2810,4303,2810,2248,1826
2005-11-24,2786,4187,2786,2229,1811
2005-11-25,2757,4067,2757,2206,1792
2005-11-28,2739,3992,2739,2191,1780
2005-11-29,2743,3976,2743,2194,1783
2005-11-30,2770,4013,2770,2216,1800
2005-12-01,2772,3995,2772,2218,1802
2005-12-02,2767,3955,2767,2214,1799
2005-12-05,2764,3921,2764,2211,1797
2005-12-06,2746,3865,2746,2197,1785
2005-12-07,2693,3709,2693,2154,1750
2005-12-08,2650,3553,2650,2120,1722
2005-12-09,2639,3507,2639,2111,1715
2005-12-12,2624,3476,2624,2099,1706
2005-12-13,2613,3459,2613,2090,1698
2005-12-14,2582,3406,2582,2066,1678
2005-12-15,2566,3385,2566,2053,1668
2005-12-16,2536,3317,2536,2029,1648
2005-12-19,2510,3267,2510,2008,1632
2005-12-20,2475,3208,2475,1980,1609
2005-12-21,2439,3140,2439,1951,1585
2005-12-22,2417,3099,2417,1934,1571
2005-12-23,2407,3071,2407,1926,1565
2006-01-03,2438,3105,2438,1950,1585
2006-01-04,2468,3156,2468,1974,1604
2006-01-05,2495,3223,2495,1996,1622
2006-01-06,2497,3249,2497,1998,1623
2006-01-10,2470,3251,2470,1976,1606
2006-01-11,2428,3194,2428,1942,1578
2006-01-12,2382,3135,2382,1906,1548
2006-01-13,2341,3074,2341,1873,1522
2006-01-16,2307,3018,2307,1846,1500
2006-01-17,2263,2927,2263,1810,1471
2006-01-18,2214,2834,2214,1771,1439
2006-01-19,2169,2768,2169,1735,1410
2006-01-20,2121,2744,2121,1697,1379
2006-01-23,2084,2722,2084,1667,1355
2006-01-24,2050,2711,2050,1640,1332
2006-01-25,2033,2732,2033,1626,1321
2006-01-26,2037,2785,2037,1630,1324
2006-01-27,2057,2840,2057,1646,1337
2006-01-30,2069,2865,2069,1655,1345
2006-01-31,2081,2896,2081,1665,1353
2006-02-01,2087,2911,2087,1670,1357
2006-02-02,2115,2965,2115,1692,1375
2006-02-03,2145,3009,2145,1716,1394
2006-02-06,2167,3029,2167,1734,1409
2006-02-07,2192,3077,2192,1754,1425
2006-02-08,2223,3148,2223,1778,1445
2006-02-09,2256,3207,2256,1805,1466
2006-02-10,2297,3286,2297,1838,1493
2006-02-13,2328,3350,2328,1862,1513
2006-02-14,2389,3514,2389,1911,1553
2006-02-15,2484,3764,2484,1987,1615
2006-02-16,2621,4112,2621,2097,1704
2006-02-17,2740,4377,2740,2192,1781
2006-02-20,2798,4469,2798,2238,1819
2006-02-21,2792,4431,2792,2234,1815
2006-02-22,2668,4081,2668,1580,1734
2006-02-23,2626,3989,2626,1585,1707
2006-02-24,2622,3994,2622,1581,1704
2006-02-27,2644,4047,2644,1591,1719
2006-02-28,2680,4141,2680,1598,1742
2006-03-01,2708,4194,2708,1602,1760
2006-03-02,2708,4194,2708,1602,1760
2006-03-03,2682,4040,2682,1627,1743
2006-03-06,2674,3993,2674,1632,1738
2006-03-07,2667,3959,2667,1638,1734
2006-03-08,2682,3957,2682,1652,1743
2006-03-09,2702,3953,2702,1674,1756
2006-03-10,2704,3915,2704,1687,1758
2006-03-13,2697,3867,2697,1705,1753
2006-03-14,2666,3746,2666,1727,1733
2006-03-15,2605,3567,2605,1740,1693
2006-03-16,2537,3381,2537,1745,1649
2006-03-17,2502,3313,2502,1746,1626
2006-03-20,2493,3336,2493,1749,1620
2006-03-21,2511,3462,2511,1751,1632
2006-03-22,2526,3527,2526,1754,1642
2006-03-23,2550,3567,2550,1756,1658
2006-03-24,2565,3568,2565,1758,1667
2006-03-27,2569,3549,2569,1762,1670
2006-03-28,2533,3445,2533,1759,1646
2006-03-29,2510,3399,2510,1760,1632
2006-03-30,2496,3392,2496,1763,1622
2006-03-31,2496,3410,2496,1766,1622
2006-04-03,2508,3459,2508,1768,1630
2006-04-04,2513,3494,2513,1774,1633
2006-04-05,2508,3501,2508,1779,1630
2006-04-06,2504,3501,2504,1786,1628
2006-04-07,2514,3526,2514,1797,1634
2006-04-10,2516,3521,2516,1806,1635
2006-04-11,2515,3498,2515,1819,1635
2006-04-12,2504,3442,2504,1828,1628
2006-04-13,2503,3428,2503,1842,1627
2006-04-18,2495,3415,2495,1846,1622
2006-04-19,2479,3488,2479,1858,1611
2006-04-20,2451,3315,2451,1872,1593
2006-04-21,2434,3257,2434,1885,1582
2006-04-24,2421,3213,2421,1891,1574
2006-04-25,2397,3128,2397,1897,1558
2006-04-26,2378,3057,2378,1901,1546
2006-04-27,2370,3037,2370,1905,1540
2006-04-28,2368,3040,2368,1904,1539
2006-05-02,2364,3051,2364,1898,1537
2006-05-03,2365,3054,2365,1897,1537
2006-05-04,2372,3055,2372,1895,1542
2006-05-05,2383,3056,2383,1902,1549
2006-05-08,2399,3072,2399,1914,1559
2006-05-09,2414,3075,2414,1925,1569
2006-05-10,2414,3075,2414,1925,1569
2006-05-11,2440,3110,2440,1935,1586
2006-05-12,2491,3217,2491,1948,1619
2006-05-15,2501,3240,2501,1953,1626
2006-05-16,2502,3238,2502,1967,1626
2006-05-17,2492,3221,2492,1975,1620
2006-05-18,2482,3197,2482,1982,1613
2006-05-19,2479,3168,2479,1991,1611
2006-05-22,2476,3134,2476,1999,1609
2006-05-23,2468,3089,2468,2008,1604
2006-05-24,2453,3023,2453,2018,1594
2006-05-25,2442,2980,2442,2021,1587
2006-05-26,2432,2951,2432,2022,1581
2006-05-30,2416,2913,2416,2015,1570
2006-05-31,2436,2975,2436,2013,1583
2006-06-01,2478,3082,2478,2011,1611
2006-06-02,2514,3150,2514,2010,1634
2006-06-05,2551,3218,2551,2012,1658
2006-06-06,2580,3253,2580,2015,1677
2006-06-07,2599,3265,2599,2024,1689
2006-06-08,2631,3290,2631,2038,1710
2006-06-09,2653,3306,2653,2050,1724
2006-06-12,2672,3314,2672,2059,1737
2006-06-13,2699,3343,2699,2071,1754
2006-06-14,2715,3369,2715,2081,1765
2006-06-15,2723,3392,2723,2095,1770
2006-06-16,2725,3412,2725,2103,1771
2006-06-19,2728,3428,2728,2110,1773
2006-06-20,2729,3438,2729,2124,1774
2006-06-21,2739,3449,2739,2143,1780
2006-06-22,2774,3485,2774,2156,1803
2006-06-23,2808,3514,2808,2172,1825
2006-06-26,2829,3533,2829,2183,1839
2006-06-27,2862,3536,2862,2193,1860
2006-06-28,2898,3546,2898,2204,1884
2006-06-29,2935,3584,2935,2218,1908
2006-06-30,2964,3645,2964,2227,1927
2006-07-03,2983,3675,2983,2237,1939
2006-07-04,2965,3639,2965,2243,1927
2006-07-05,2926,3563,2926,2252,1902
2006-07-06,2894,3521,2894,2253,1881
2006-07-07,2870,3504,2870,2249,1866
2006-07-10,2864,3501,2864,2250,1862
2006-07-11,2849,3507,2849,2243,1852
2006-07-12,2865,3594,2865,2235,1862
2006-07-13,2905,3737,2905,2234,1888
2006-07-14,2968,3889,2968,2236,1929
2006-07-17,3004,3956,3004,2245,1953
2006-07-18,3053,4066,3053,2251,1984
2006-07-19,3116,4211,3116,2258,2025
2006-07-20,3162,4302,3162,2275,2055
2006-07-21,3191,4347,3191,2288,2074
2006-07-24,3202,4357,3202,2298,2081
2006-07-25,3221,4404,3221,2303,2094
2006-07-26,3227,4414,3227,2313,2098
2006-07-27,3236,4449,3236,2318,2103
2006-07-28,3260,4514,3260,2326,2119
2006-07-31,3285,4583,3285,2332,2135
2006-08-01,3337,4696,3337,2347,2169
2006-08-02,3450,4951,3450,2364,2242
2006-08-03,3560,5169,3560,2390,2314
2006-08-04,3560,5169,3560,2390,2314
2006-08-07,3654,5322,3654,2440,2375
2006-08-08,3679,5325,3679,2466,2391
2006-08-09,3678,5260,3678,2491,2391
2006-08-10,3681,5210,3681,2515,2393
2006-08-11,3714,5233,3714,2537,2414
2006-08-14,3755,5295,3755,2550,2441
2006-08-15,3824,5409,3824,2589,2486
2006-08-16,3841,5394,3841,2619,2497
2006-08-17,3812,5289,3812,2636,2478
2006-08-18,3755,5108,3755,2646,2441
2006-08-21,3720,5008,3720,2646,2418
2006-08-22,3672,4900,3672,2642,2387
2006-08-23,3633,4850,3633,2640,2361
2006-08-24,3644,4899,3644,2638,2369
2006-08-25,3690,4974,3690,2644,2398
2006-08-29,3750,5078,3750,2653,2438
2006-08-30,3795,5130,3795,2663,2467
2006-08-31,3847,5182,3847,2332,2501
2006-09-01,3875,5187,3875,2684,2519
2006-09-04,3882,5169,3882,2701,2523
2006-09-05,3882,5160,3882,2721,2523
2006-09-06,3877,5134,3877,2738,2520
2006-09-07,3888,5116,3888,2755,2527
2006-09-08,3914,5119,3914,2779,2544
2006-09-11,3948,5155,3948,2802,2566
2006-09-12,4010,5269,4010,2831,2606
2006-09-13,4129,5525,4129,2863,2684
2006-09-14,4207,5645,4207,2890,2735
2006-09-15,4258,5681,4258,2908,2768
2006-09-18,4279,5695,4279,2921,2781
2006-09-19,4275,5661,4275,2941,2779
2006-09-20,4244,5599,4244,2957,2759
2006-09-21,4200,5550,4200,2955,2730
2006-09-22,4136,5503,4136,2946,2688
2006-09-25,4069,5421,4069,2928,2645
2006-09-26,3979,5289,3979,2907,2586
2006-09-27,3915,5156,3915,2889,2545
2006-09-28,3911,5125,3911,2861,2542
2006-09-29,3944,5120,3944,2855,2564
2006-10-02,3956,5133,3956,2848,2571
2006-10-03,3960,5110,3960,2846,2574
2006-10-05,3931,5000,3931,2857,2555
2006-10-06,3964,5085,3964,2868,2577
2006-10-09,4015,5231,4015,2873,2610
2006-10-10,4042,5314,4042,2887,2627
2006-10-11,4070,5419,4070,2898,2646
2006-10-12,4126,5589,4126,2918,2682
2006-10-13,4169,5702,4169,2932,2710
2006-10-16,4182,5743,4182,2941,2718
2006-10-17,4159,5705,4159,2947,2703
2006-10-18,4109,5622,4109,2944,2671
2006-10-19,4053,5528,4053,2929,2634
2006-10-20,4017,5454,4017,2917,2611
2006-10-23,3996,5419,3996,2910,2597
2006-10-24,3978,5404,3978,2899,2586
2006-10-25,3960,5402,3960,2885,2574
2006-10-26,3955,5433,3955,2862,2571
2006-10-27,3982,5518,3982,2834,2588
2006-10-30,4006,5576,4006,2815,2604
2006-10-31,4037,5616,4037,2798,2624
2006-11-01,4100,5715,4100,2788,2665
2006-11-02,4146,5764,4146,2782,2695
2006-11-03,4188,5801,4188,2774,2722
2006-11-06,4214,5810,4214,2772,2739
2006-11-07,4242,5832,4242,2771,2757
2006-11-08,4256,5842,4256,2769,2766
2006-11-09,4245,5821,4245,2767,2759
2006-11-10,4210,5733,4210,2769,2736
2006-11-13,4180,5665,4180,2769,2717
2006-11-14,4153,5614,4153,2767,2699
2006-11-15,4134,5601,4134,2763,2687
2006-11-16,4121,5586,4121,2766,2679
2006-11-17,4129,5602,4129,2769,2684
2006-11-20,4137,5615,4137,2770,2689
2006-11-21,4138,5610,4138,2767,2690
2006-11-22,4144,5602,4144,2773,2694
2006-11-23,4163,5628,4163,2776,2706
2006-11-24,4185,5677,4185,2774,2720
2006-11-27,4208,5745,4208,2769,2735
2006-11-28,4255,5864,4255,2772,2766
2006-11-29,4298,5976,4298,2778,2794
2006-11-30,4336,6036,4336,2786,2818
2006-12-01,4369,6078,4369,2792,2840
2006-12-04,4400,6104,4400,2796,2860
2006-12-05,4407,6059,4407,2805,2865
2006-12-06,4367,5920,4367,2813,2839
2006-12-07,4323,5792,4323,2828,2810
2006-12-08,4294,5709,4294,2849,2791
2006-12-11,4275,5675,4275,2867,2779
2006-12-12,4270,5714,4270,2884,2776
2006-12-13,4294,5811,4294,2900,2791
2006-12-14,4307,5847,4307,2919,2800
2006-12-15,4318,5851,4318,2938,2807
2006-12-18,4324,5839,4324,2952,2811
2006-12-19,4330,5840,4330,2961,2814
2006-12-20,4336,5837,4336,2965,2818
2006-12-21,4362,5898,4362,2974,2835
2006-12-22,4397,5972,4397,2989,2858
2007-01-03,4452,6105,4452,2987,2894
2007-01-04,4494,6193,4494,2988,2921
2007-01-05,4539,6280,4539,2989,2950
2007-01-08,4579,6372,4579,2992,2976
2007-01-09,4617,6431,4617,2998,3001
2007-01-10,4640,6457,4640,3010,3016
2007-01-11,4647,6470,4647,3039,3021
2007-01-12,4642,6471,4642,3056,3017
2007-01-15,4629,6459,4629,3060,3009
2007-01-16,4555,6322,4555,3053,2961
2007-01-17,4481,6169,4481,3034,2913
2007-01-18,4411,6040,4411,3002,2867
2007-01-22,4362,5962,4362,2971,2835
2007-01-23,4360,6051,4360,2907,2834
2007-01-24,4381,6169,4381,2891,2848
2007-01-25,4385,6262,4385,2871,2850
2007-01-26,4367,6284,4367,2852,2839
2007-01-29,4343,6269,4343,2833,2823
2007-01-30,4287,6182,4287,2820,2787
2007-01-31,4225,6045,4225,2808,2746
2007-02-01,4219,6026,4219,2796,2742
2007-02-02,4243,6056,4243,2785,2758
2007-02-05,4265,6110,4265,2776,2772
2007-02-06,4291,6183,4291,2763,2789
2007-02-07,4313,6256,4313,2755,2803
2007-02-08,4323,6314,4323,2744,2810
2007-02-09,4328,6340,4328,2737,2813
2007-02-12,4348,6382,4348,2732,2826
2007-02-13,4360,6375,4360,2740,2834
2007-02-14,4366,6300,4366,2755,2838
2007-02-15,4352,6210,4352,2772,2829
2007-02-16,4355,6161,4355,2795,2831
2007-02-19,4355,6136,4355,2812,2831
2007-02-20,4359,6125,4359,2829,2833
2007-02-21,4399,6193,4399,2845,2859
2007-02-22,4456,6318,4456,2859,2896
2007-02-23,4545,6521,4545,2876,2954
2007-02-26,4609,6635,4609,2901,2996
2007-02-27,4704,6834,4704,2920,3058
2007-02-28,4765,6917,4765,2944,3097
2007-03-01,4818,6987,4818,2973,3132
2007-03-02,4872,7045,4872,3005,3167
2007-03-05,4908,7044,4908,3028,3190
2007-03-06,4921,6974,4921,3048,3199
2007-03-07,4937,6924,4937,3077,3209
2007-03-08,4963,6914,4963,3127,3226
2007-03-09,5000,6955,5000,3176,3250
2007-03-12,5041,6999,5041,3228,3277
2007-03-13,5069,7003,5069,3285,3295
2007-03-14,5077,6982,5077,3333,3300
2007-03-15,5071,6945,5071,3363,3296
2007-03-16,5086,6969,5086,3374,3306
2007-03-19,5123,7076,5123,3380,3330
2007-03-20,5172,7223,5172,3394,3362
2007-03-21,5226,7411,5226,3412,3397
2007-03-22,5275,7546,5275,3426,3429
2007-03-23,5330,7642,5330,3437,3464
2007-03-26,5357,7683,5357,3446,3482
2007-03-27,5364,7692,5364,3453,3487
2007-03-28,5356,7686,5356,3464,3481
2007-03-29,5355,7701,5355,3476,3481
2007-03-30,5388,7810,5388,3482,3502
2007-04-02,5417,7888,5417,3489,3521
2007-04-03,5439,7929,5439,3494,3535
2007-04-04,5487,8028,5487,3503,3567
2007-04-05,5532,8117,5532,3514,3596
2007-04-10,5552,8122,5552,3530,3609
2007-04-11,5556,8086,5556,3547,3611
2007-04-12,5546,7990,5546,3577,3605
2007-04-13,5553,7960,5553,3613,3609
2007-04-16,5562,7947,5562,3639,3615
2007-04-17,5601,8030,5601,3657,3641
2007-04-18,5700,8252,5700,3686,3705
2007-04-19,5782,8404,5782,3727,3758
2007-04-20,5850,8487,5850,3765,3802
2007-04-23,5922,8605,5922,3799,3849
2007-04-24,6029,8795,6029,3828,3919
2007-04-25,6122,8953,6122,3867,3979
2007-04-26,6192,9060,6192,3919,4025
2007-04-27,6230,9116,6230,3965,4050
2007-04-30,6248,9127,6248,4005,4061
2007-05-01,6255,9118,6255,4024,4066
2007-05-02,6262,9107,6262,4039,4070
2007-05-03,6276,9069,6276,4056,4079
2007-05-04,6321,9122,6321,4085,4109
2007-05-08,6395,9213,6395,4134,4157
2007-05-09,6478,9302,6478,4182,4211
2007-05-10,6585,9499,6585,4225,4280
2007-05-11,6648,9639,6648,4254,4321
2007-05-14,6685,9687,6685,4280,4345
2007-05-15,6688,9653,6688,4303,4347
2007-05-16,6650,9562,6650,4310,4322
2007-05-17,6603,9487,6603,4292,4292
2007-05-18,6554,9415,6554,4269,4260
2007-05-21,6521,9362,6521,4241,4239
2007-05-22,6471,9260,6471,4221,4206
2007-05-23,6422,9181,6422,4205,4174
2007-05-24,6304,8972,6304,4187,4098
2007-05-25,6212,8835,6212,4156,4038
2007-05-29,6123,8718,6123,4122,3980
2007-05-30,6023,8477,6023,4097,3915
2007-05-31,5971,8359,5971,4077,3881
2007-06-01,5983,8382,5983,4067,3889
2007-06-04,6011,8421,6011,4067,3907
2007-06-05,6023,8366,6023,4071,3915
2007-06-06,5988,8167,5988,4075,3892
2007-06-07,5877,7831,5877,4072,3820
2007-06-08,5736,7514,5736,4060,3728
2007-06-11,5661,7391,5661,4056,3680
2007-06-12,5538,7070,5538,4052,3600
2007-06-13,5407,6688,5407,4043,3515
2007-06-14,5302,6435,5302,4028,3446
2007-06-15,5258,6356,5258,4016,3418
2007-06-18,5254,6382,5254,4002,3415
2007-06-19,5310,6505,5310,3985,3452
2007-06-20,5438,6769,5438,3982,3535
2007-06-21,5672,7345,5672,3990,3687
2007-06-22,5922,7985,5922,3998,3849
2007-06-25,6038,8228,6038,4008,3925
2007-06-26,6105,8333,6105,4016,3968
2007-06-27,6180,8513,6180,4025,4017
2007-06-28,6234,8614,6234,4030,4052
2007-06-29,6278,8643,6278,4039,4081
2007-07-02,6304,8650,6304,4052,4098
2007-07-03,6302,8522,6302,4063,4096
2007-07-04,6293,8293,6293,4077,4090
2007-07-05,6251,8001,6251,4092,4063
2007-07-06,6201,7769,6201,4105,4031
2007-07-09,6220,7773,6220,4117,4043
2007-07-10,6301,7978,6301,4126,4096
2007-07-11,6484,8360,6484,4165,4215
2007-07-12,6656,8704,6656,4268,4326
2007-07-13,6706,8742,6706,4337,4359
2007-07-16,6692,8651,6692,4373,4350
2007-07-17,6637,8470,6637,4391,4314
2007-07-18,6582,8262,6582,4413,4278
2007-07-19,6567,8220,6567,4455,4269
2007-07-20,6567,8303,6567,4493,4269
2007-07-23,6659,8415,6659,4526,4328
2007-07-24,6720,8549,6720,4556,4368
2007-07-25,6780,8678,6780,4586,4407
2007-07-26,6838,8746,6838,4626,4445
2007-07-27,6890,8785,6890,4675,4478
2007-07-30,6936,8864,6936,4696,4508
2007-08-01,6993,9027,6993,4712,4545
2007-08-02,7000,9135,7000,4713,4550
2007-08-03,7007,9245,7007,4714,4555
2007-08-06,6990,9267,6990,4719,4544
2007-08-07,6966,9267,6966,4729,4528
2007-08-08,6917,9219,6917,4737,4496
2007-08-09,6936,9286,6936,4747,4508
2007-08-10,7011,9406,7011,4768,4557
2007-08-13,7066,9481,7066,4778,4593
2007-08-14,7143,9637,7143,4783,4643
2007-08-15,7231,9829,7231,4788,4700
2007-08-16,7319,10010,7319,4801,4757
2007-08-17,7313,9963,7313,4816,4753
2007-08-20,7289,9884,7289,4825,4738
2007-08-21,7243,9805,7243,4826,4708
2007-08-22,7211,9813,7211,4809,4687
2007-08-23,7237,9906,7237,4775,4704
2007-08-24,7277,9996,7277,4761,4730
2007-08-28,7381,10267,7381,4774,4798
2007-08-29,7474,10446,7474,4817,4858
2007-08-30,7586,10590,7586,4898,4931
2007-08-31,7702,10715,7702,5004,5006
2007-09-03,7783,10785,7783,5087,5059
2007-09-04,7907,10897,7907,5169,5140
2007-09-05,8090,11054,8090,5239,5258
2007-09-06,8270,11223,8270,5299,5376
2007-09-07,8410,11434,8410,5388,5466
2007-09-10,8477,11526,8477,5453,5510
2007-09-11,8468,11508,8468,5492,5504
2007-09-12,8421,11363,8421,5500,5474
2007-09-13,8340,11151,8340,5490,5421
2007-09-14,8347,11059,8347,5491,5426
2007-09-17,8296,11072,8296,5488,5392
2007-09-18,8313,11168,8313,5474,5403
2007-09-19,8429,11482,8429,5466,5479
2007-09-20,8619,11770,8619,5474,5602
2007-09-21,8956,12550,8956,5494,5821
2007-09-24,9082,12842,9082,5505,5903
2007-09-25,9215,13186,9215,5506,5990
2007-09-26,9259,13314,9259,5521,6018
2007-09-27,9370,13728,9370,5552,6090
2007-09-28,9474,14002,9474,5588,6158
2007-10-01,9537,14098,9537,5639,6199
2007-10-02,9566,14097,9566,5693,6218
2007-10-03,9561,13983,9561,5741,6215
2007-10-04,9513,13678,9513,5803,6183
2007-10-05,9535,13664,9535,5860,6198
2007-10-08,9665,14010,9665,5900,6282
2007-10-09,9860,14388,9860,5978,6409
2007-10-10,10218,14958,10218,6144,6642
2007-10-11,10513,15403,10513,6337,6833
2007-10-12,10695,15477,10695,6501,6952
2007-10-15,10756,15463,10756,6618,6991
2007-10-16,10748,15361,10748,6678,6986
2007-10-17,10724,15272,10724,6716,6971
2007-10-18,10732,15299,10732,6756,6976
2007-10-19,10798,15412,10798,6790,7019
2007-10-22,10853,15483,10853,6819,7054
2007-10-23,10944,15515,10944,6845,7114
2007-10-24,10984,15487,10984,6872,7140
2007-10-26,11025,15323,11025,6915,7166
2007-10-29,11033,15197,11033,6936,7171
2007-10-30,11033,15197,11033,6936,7171
2007-10-31,10656,14078,10656,6949,6926
2007-11-01,10581,13988,10581,6897,6878
2007-11-02,10548,14021,10548,6852,6856
2007-11-05,10539,14178,10539,6806,6850
2007-11-06,10605,14508,10605,6775,6893
2007-11-07,10674,14749,10674,6756,6938
2007-11-08,10744,14894,10744,6761,6984
2007-11-09,10867,15252,10867,6790,7064
2007-11-12,10995,15660,10995,6805,7147
2007-11-13,11039,15949,11039,6802,7175
2007-11-14,10995,15949,10995,6761,7147
2007-11-15,10938,16256,10938,6724,7110
2007-11-16,10870,16236,10870,6690,7066
2007-11-19,10780,16115,10780,6638,7007
2007-11-20,10647,15785,10647,6587,6921
2007-11-21,10517,15501,10517,6497,6836
2007-11-22,10328,15085,10328,6382,6713
2007-11-23,10148,14873,10148,6205,6596
2007-11-26,10003,14695,10003,6097,6502
2007-11-27,9897,14618,9897,6000,6433
2007-11-28,9922,14755,9922,5946,6449
2007-11-29,10092,15181,10092,5940,6560
2007-11-30,10210,15357,10210,5988,6636
2007-12-03,10270,15422,10270,6015,6676
2007-12-04,10285,15405,10285,6039,6685
2007-12-05,10216,15247,10216,6056,6640
2007-12-06,10142,15079,10142,6064,6592
2007-12-07,10068,14879,10068,6083,6544
2007-12-10,9992,14703,9992,6092,6495
2007-12-11,9929,14625,9929,6097,6454
2007-12-12,9936,14739,9936,6101,6458
2007-12-13,9949,14793,9949,6108,6467
2007-12-14,9918,14758,9918,6093,6447
2007-12-17,9848,14632,9848,6062,6401
2007-12-18,9751,14452,9751,6022,6338
2007-12-19,9591,14190,9591,5968,6234
2007-12-20,9392,13912,9392,5911,6105
2007-12-21,9236,13708,9236,5864,6003
2007-12-24,9143,13603,9143,5817,5943
2008-01-02,8891,13233,8891,5741,5779
2008-01-03,8756,13020,8756,5672,5691
2008-01-04,8702,12890,8702,5611,5656
2008-01-07,8732,12842,8732,5584,5676
2008-01-08,8730,12710,8730,5583,5674
2008-01-09,8621,12400,8621,5561,5604
2008-01-10,8333,11693,8333,5462,5416
2008-01-11,7949,10784,7949,5323,5167
2008-01-14,7654,10085,7654,5221,4975
2008-01-15,7336,9374,7336,5113,4768
2008-01-16,6915,8409,6915,4979,4495
2008-01-17,6472,7520,6472,4781,4207
2008-01-18,6462,7754,6462,4622,4200
2008-01-21,6513,8054,6513,4544,4233
2008-01-22,6437,8071,6437,4441,4184
2008-01-23,6246,7848,6246,4332,4060
2008-01-24,5948,7352,5948,4213,3866
2008-01-25,5780,7202,5780,4129,3757
2008-01-28,5692,7189,5692,4055,3700
2008-01-29,5615,7202,5615,3982,3650
2008-01-30,5900,8310,5900,3903,3835
2008-01-31,6052,8766,6052,3860,3934
2008-02-01,6134,9031,6134,3839,3987
2008-02-04,6121,9053,6121,3834,3979
2008-02-05,6032,8828,6032,3823,3921
2008-02-06,6002,8748,6002,3843,3901
2008-02-07,6135,9096,6135,3869,3988
2008-02-08,6353,9490,6353,3913,4129
2008-02-11,6520,9756,6520,3980,4238
2008-02-12,6712,10027,6712,4052,4363
2008-02-13,6965,10415,6965,4166,4527
2008-02-14,7212,10546,7212,4298,4688
2008-02-15,7355,10436,7355,4457,4781
2008-02-18,7381,10195,7381,4616,4798
2008-02-19,7319,9875,7319,4820,4757
2008-02-20,7081,9279,7081,4938,4603
2008-02-21,6998,9327,6998,4938,4549
2008-02-22,7187,9934,7187,4922,4672
2008-02-25,7296,10246,7296,4922,4742
2008-02-26,7312,10175,7312,4942,4753
2008-02-27,7299,10068,7299,4977,4744
2008-02-28,7332,10104,7332,5000,4766
2008-02-29,7613,10743,7613,5021,4948
2008-03-03,7878,11433,7878,5020,5121
2008-03-04,7993,11670,7993,5025,5195
2008-03-05,8162,11863,8162,5038,5305
2008-03-06,8403,12285,8403,5080,5462
2008-03-07,8536,12458,8536,5147,5548
2008-03-10,8624,12625,8624,5206,5606
2008-03-11,8560,12315,8560,5263,5564
2008-03-12,8346,11660,8346,5321,5425
2008-03-13,8092,10883,8092,5369,5260
2008-03-14,7972,10519,7972,5394,5182
2008-03-17,7913,10379,7913,5387,5143
2008-03-18,7893,10381,7893,5360,5130
2008-03-19,7801,10246,7801,5302,5071
2008-03-20,7684,9982,7684,5267,4995
2008-03-25,7619,9894,7619,5184,4952
2008-03-26,7679,10281,7679,5091,4991
2008-03-27,7884,11100,7884,4986,5125
2008-03-28,8069,11815,8069,4916,5245
2008-03-31,8081,11993,8081,4827,5253
2008-04-01,7890,11511,7890,4792,5128
2008-04-02,7655,10952,7655,4768,4976
2008-04-03,7690,11158,7690,4742,4998
2008-04-04,7737,11326,7737,4733,5029
2008-04-07,7741,11354,7741,4728,5032
2008-04-08,7754,11349,7754,4718,5040
2008-04-09,7760,11263,7760,4707,5044
2008-04-10,7823,11366,7823,4665,5085
2008-04-11,7889,11484,7889,4664,5128
2008-04-14,7961,11587,7961,4685,5175
2008-04-15,7957,11459,7957,4705,5172
2008-04-16,7967,11298,7967,4749,5179
2008-04-17,8038,11337,8038,4797,5225
2008-04-18,8203,11610,8203,4866,5332
2008-04-21,8350,11898,8350,4934,5428
2008-04-22,8550,12248,8550,5029,5558
2008-04-23,8862,12845,8862,5144,5760
2008-04-24,9182,13583,9182,5276,5968
2008-04-25,9329,13890,9329,5400,6064
2008-04-28,9344,13920,9344,5449,6074
2008-04-29,9273,13830,9273,5446,6027
2008-04-30,9356,14173,9356,5444,6081
2008-05-01,9439,14392,9439,5443,6135
2008-05-02,9581,14711,9581,5476,6228
2008-05-06,9855,15133,9855,5559,6406
2008-05-07,10104,15553,10104,5663,6568
2008-05-08,10221,15629,10221,5772,6644
2008-05-09,10237,15537,10237,5848,6654
2008-05-12,10220,15447,10220,5884,6643
2008-05-13,10354,15769,10354,5998,6730
2008-05-14,10649,16357,10649,6124,6922
2008-05-15,11067,16999,11067,6252,7194
2008-05-16,11459,17685,11459,6393,7448
2008-05-19,11709,18045,11709,6524,7611
2008-05-20,11793,18105,11793,6641,7665
2008-05-21,11771,18128,11771,6709,7651
2008-05-22,11648,18051,11648,6743,7571
2008-05-23,11465,17911,11465,6741,7452
2008-05-27,11269,17725,11269,6672,7325
2008-05-28,11245,17888,11245,6574,7309
2008-05-29,11347,18348,11347,6488,7376
2008-05-30,11440,18749,11440,6405,7436
2008-06-02,11458,18920,11458,6317,7448
2008-06-03,11503,19125,11503,6273,7477
2008-06-04,11623,19488,11623,6288,7555
2008-06-05,11689,19687,11689,6307,7598
2008-06-06,11612,19451,11612,6340,7548
2008-06-09,11534,19253,11534,6350,7497
2008-06-10,11409,18880,11409,6377,7416
2008-06-11,11105,18033,11105,6385,7218
2008-06-12,10142,15178,10142,6388,6592
2008-06-13,9646,13960,9646,6368,6270
2008-06-16,9419,13553,9419,6339,6122
2008-06-17,9413,13890,9413,6294,6118
2008-06-18,9437,14154,9437,6204,6134
2008-06-19,9474,14162,9474,6228,6158
2008-06-20,9428,13858,9428,6236,6128
2008-06-23,9211,13112,9211,6203,5987
2008-06-24,9139,12860,9139,6128,5940
2008-06-25,9244,13053,9244,5999,6009
2008-06-26,9473,13591,9473,5926,6157
2008-06-27,9599,13936,9599,5878,6239
2008-06-30,9589,13978,9589,5843,6233
2008-07-01,9379,13470,9379,5810,6096
2008-07-02,9139,13032,9139,5759,5940
2008-07-03,8925,12593,8925,5700,5801
2008-07-04,8854,12488,8854,5648,5755
2008-07-07,8964,12829,8964,5596,5827
2008-07-08,9147,13260,9147,5557,5946
2008-07-09,9272,13498,9272,5526,6027
2008-07-10,9313,13526,9313,5520,6053
2008-07-11,9230,13246,9230,5517,6000
2008-07-14,9181,13149,9181,5496,5968
2008-07-15,9150,13200,9150,5474,5948
2008-07-16,9092,13219,9092,5451,5910
2008-07-17,9059,13336,9059,5423,5888
2008-07-18,9012,13411,9012,5392,5858
2008-07-21,8961,13404,8961,5353,5825
2008-07-22,8904,13449,8904,5318,5788
2008-07-23,8856,13577,8856,5282,5756
2008-07-24,8771,13579,8771,5225,5701
2008-07-25,8637,13417,8637,5155,5614
2008-07-28,8513,13192,8513,5091,5533
2008-07-29,8434,13132,8434,5024,5482
2008-07-30,8388,13077,8388,4953,5452
2008-07-31,8341,13005,8341,4897,5422
2008-08-01,8280,12944,8280,4827,5382
2008-08-04,8209,12838,8209,4779,5336
2008-08-05,8100,12695,8100,4686,5265
2008-08-06,7869,12244,7869,4605,5115
2008-08-07,7521,11456,7521,4511,4889
2008-08-08,7201,10720,7201,4450,4681
2008-08-11,7055,10581,7055,4389,4586
2008-08-12,6992,10695,6992,4307,4545
2008-08-13,7097,11256,7097,4227,4613
2008-08-14,7420,12240,7420,4200,4823
2008-08-15,7557,12581,7557,4198,4912
2008-08-18,7622,12673,7622,4229,4954
2008-08-19,7543,12337,7543,4288,4903
2008-08-20,7344,11710,7344,4370,4774
2008-08-21,7190,11331,7190,4392,4674
2008-08-22,7147,11291,7147,4387,4646
2008-08-26,7115,11263,7115,4379,4625
2008-08-27,7050,11120,7050,4349,4582
2008-08-28,6929,10820,6929,4291,4504
2008-08-29,6809,10506,6809,4189,4426
2008-09-01,6691,10216,6691,4090,4349
2008-09-02,6466,9599,6466,3971,4203
2008-09-03,6146,8724,6146,3823,3995
2008-09-04,5874,8107,5874,3632,3818
2008-09-05,5663,7708,5663,3475,3681
2008-09-08,5492,7496,5492,3361,3570
2008-09-09,5255,7195,5255,3230,3416
2008-09-10,5026,6864,5026,3160,3267
2008-09-11,4893,6655,4893,3130,3180
2008-09-12,4800,6438,4800,3126,3120
2008-09-15,4747,6369,4747,3102,3086
2008-09-16,4760,6471,4760,3086,3094
2008-09-17,4856,6578,4856,3077,3156
2008-09-18,4958,6606,4958,3087,3223
2008-09-19,4975,6528,4975,3102,3234
2008-09-22,4949,6408,4949,3112,3217
2008-09-23,4782,6078,4782,3103,3108
2008-09-24,4489,5581,4489,3067,2918
2008-09-25,4163,5206,4163,3012,2706
2008-09-26,3746,4652,3746,2925,2435
2008-09-29,3504,4499,3504,2851,2278
2008-09-30,3217,4318,3217,2729,2091
2008-10-01,3025,4163,3025,2599,1966
2008-10-02,2990,4197,2990,2454,1944
2008-10-03,3002,4254,3002,2364,1951
2008-10-06,2992,4310,2992,2276,1945
2008-10-07,2922,4279,2922,2127,1899
2008-10-08,2764,4057,2764,1987,1797
2008-10-09,2503,3548,2503,1844,1627
2008-10-10,2221,3087,2221,1641,1444
2008-10-13,1976,2696,1976,1463,1284
2008-10-14,1809,2414,1809,1355,1176
2008-10-15,1615,1992,1615,1294,1050
2008-10-16,1506,1842,1506,1254,979
2008-10-17,1438,1776,1438,1206,935
2008-10-20,1355,1674,1355,1144,881
2008-10-21,1292,1605,1292,1079,840
2008-10-22,1221,1572,1221,975,794
2008-10-23,1149,1525,1149,881,747
2008-10-24,1102,1504,1102,817,716
2008-10-27,1048,1456,1048,768,681
2008-10-28,982,1400,982,701,638
2008-10-29,925,1345,925,655,601
2008-10-30,885,1307,885,617,575
2008-10-31,851,1265,851,583,553
2008-11-03,827,1233,827,559,538
2008-11-04,815,1211,815,531,530
2008-11-05,826,1185,826,512,537
2008-11-06,839,1162,839,521,545
2008-11-07,829,1120,829,530,539
2008-11-10,820,1095,820,531,533
2008-11-11,818,1065,818,534,532
2008-11-12,824,1048,824,536,536
2008-11-13,838,1040,838,543,545
2008-11-14,841,1016,841,556,547
2008-11-17,856,1002,856,571,556
2008-11-18,865,994,865,589,562
2008-11-19,859,989,859,606,558
2008-11-20,847,976,847,623,551
2008-11-21,836,967,836,634,543
2008-11-24,824,955,824,640,536
2008-11-25,804,932,804,641,523
2008-11-26,763,883,763,637,496
2008-11-27,733,858,733,632,476
2008-11-28,715,838,715,622,465
2008-12-01,700,833,700,610,455
2008-12-02,684,830,684,597,445
2008-12-03,672,830,672,579,437
2008-12-04,666,839,666,564,433
2008-12-05,663,871,663,548,431
2008-12-08,671,938,671,533,436
2008-12-09,679,991,679,523,441
2008-12-10,691,1058,691,511,449
2008-12-11,711,1142,711,498,462
2008-12-12,764,1331,764,490,497
2008-12-15,803,1454,803,486,522
2008-12-16,828,1514,828,481,538
2008-12-17,836,1515,836,476,543
2008-12-18,829,1476,829,464,539
2008-12-19,818,1423,818,454,532
2008-12-22,801,1373,801,442,521
2008-12-23,784,1345,784,430,510
2008-12-24,774,1337,774,421,503
2009-01-02,773,1361,528,411,502
2009-01-05,772,1386,512,406,502
2009-01-06,775,1406,512,395,504
2009-01-07,789,1452,519,390,513
2009-01-08,821,1564,516,389,534
2009-01-09,872,1728,518,394,567
2009-01-12,889,1788,514,397,578
2009-01-13,911,1864,504,402,592
2009-01-14,920,1888,498,409,598
2009-01-15,908,1850,487,413,590
2009-01-16,881,1760,481,418,573
2009-01-19,868,1709,478,424,564
2009-01-20,872,1719,480,427,567
2009-01-21,900,1800,489,432,585
2009-01-22,945,1939,499,436,614
2009-01-23,980,2032,516,443,637
2009-01-26,995,2049,547,446,647
2009-01-27,1004,2035,572,460,653
2009-01-28,1014,2006,616,473,659
2009-01-29,1036,1972,700,488,673
2009-01-30,1070,1981,775,512,696
2009-02-02,1099,2004,821,533,714
2009-02-03,1148,2093,859,556,746
2009-02-04,1316,2380,976,681,855
2009-02-05,1498,2734,1102,783,974
2009-02-06,1642,2999,1224,854,1067
2009-02-09,1815,3344,1344,948,1180
2009-02-10,1974,3626,1486,1025,1283
2009-02-11,2055,3822,1484,1089,1336
2009-02-12,1989,3567,1451,1148,1293
2009-02-13,1908,3335,1367,1190,1240
2009-02-16,1846,3170,1303,1209,1200
2009-02-17,1895,3356,1273,1213,1232
2009-02-18,1986,3587,1319,1231,1291
2009-02-19,2057,3733,1350,1271,1337
2009-02-20,2099,3768,1403,1300,1364
2009-02-23,2084,3649,1429,1325,1355
2009-02-24,2010,3362,1424,1347,1306
2009-02-25,1960,3124,1432,1385,1274
2009-02-26,1950,2963,1454,1474,1268
2009-02-27,1986,2963,1504,1529,1291
2009-03-02,2014,2921,1586,1569,1309
2009-03-03,2034,2862,1680,1585,1322
2009-03-04,2084,2818,1857,1603,1355
2009-03-05,2167,2830,2048,1653,1409
2009-03-06,2225,2839,2179,1688,1446
2009-03-09,2262,2831,2264,1713,1470
2009-03-10,2298,2807,2364,1728,1494
2009-03-11,2271,2706,2348,1735,1476
2009-03-12,2201,2580,2235,1727,1431
2009-03-13,2122,2454,2109,1710,1379
2009-03-16,2058,2365,1997,1694,1338
2009-03-17,1974,2251,1853,1673,1283
2009-03-18,1861,2157,1621,1632,1210
2009-03-19,1795,2154,1472,1583,1167
2009-03-20,1782,2197,1440,1541,1158
2009-03-23,1773,2215,1453,1493,1152
2009-03-24,1758,2195,1491,1437,1143
2009-03-25,1740,2169,1508,1398,1131
2009-03-26,1714,2134,1495,1365,1114
2009-03-27,1678,2092,1457,1338,1091
2009-03-30,1646,2078,1400,1313,1070
2009-03-31,1615,2066,1342,1288,1050
2009-04-01,1574,2039,1263,1268,1023
2009-04-02,1538,2001,1205,1250,1000
2009-04-03,1506,1962,1159,1236,979
2009-04-06,1486,1961,1117,1220,966
2009-04-07,1466,1972,1083,1183,953
2009-04-08,1463,1993,1089,1159,951
2009-04-09,1478,2024,1118,1153,961
2009-04-14,1492,2033,1158,1158,970
2009-04-15,1534,2077,1252,1165,997
2009-04-16,1604,2140,1382,1203,1043
2009-04-17,1682,2209,1523,1241,1093
2009-04-20,1737,2285,1580,1279,1129
2009-04-21,1797,2393,1634,1308,1168
2009-04-22,1869,2501,1714,1350,1215
2009-04-23,1897,2539,1712,1396,1233
2009-04-24,1873,2494,1632,1435,1217
2009-04-27,1839,2443,1547,1453,1195
2009-04-28,1790,2364,1468,1447,1164
2009-04-29,1772,2342,1440,1438,1152
2009-04-30,1786,2348,1491,1427,1161
2009-05-01,1806,2376,1523,1430,1174
2009-05-05,1897,2528,1666,1430,1233
2009-05-06,2065,2868,1853,1448,1342
2009-05-07,2194,3046,2035,1497,1426
2009-05-08,2214,2963,2093,1569,1439
2009-05-11,2215,2913,2095,1611,1440
2009-05-12,2253,2988,2105,1639,1464
2009-05-13,2332,3129,2172,1675,1516
2009-05-14,2432,3282,2303,1711,1581
2009-05-15,2544,3481,2413,1754,1654
2009-05-18,2605,3600,2454,1786,1693
2009-05-19,2644,3661,2468,1834,1719
2009-05-20,2665,3767,2403,1853,1732
2009-05-21,2707,3991,2318,1854,1760
2009-05-22,2786,4343,2241,1837,1811
2009-05-26,2942,4797,2317,1830,1912
2009-05-27,3164,5308,2553,1825,2057
2009-05-28,3298,5602,2702,1832,2144
2009-05-29,3494,6125,2834,1831,2271
2009-06-01,3681,6549,3025,1835,2393
2009-06-02,4106,7724,3257,1843,2669
2009-06-03,4291,8147,3428,1862,2789
2009-06-04,4093,7561,3355,1856,2660
2009-06-05,3809,6812,3180,1832,2476
2009-06-08,3646,6523,2960,1804,2370
2009-06-09,3518,6382,2711,1781,2287
2009-06-10,3452,6354,2560,1758,2244
2009-06-11,3483,6465,2590,1738,2264
2009-06-12,3583,6715,2700,1722,2329
2009-06-15,3763,7227,2824,1702,2446
2009-06-16,3951,7648,3045,1699,2568
2009-06-17,4026,7825,3110,1714,2617
2009-06-18,4073,7980,3095,1735,2647
2009-06-19,4070,7996,3058,1749,2646
2009-06-22,4029,7909,3002,1758,2619
2009-06-23,3874,7441,2956,1757,2518
2009-06-24,3751,7115,2875,1754,2438
2009-06-25,3703,7034,2804,1750,2407
2009-06-26,3703,7106,2754,1734,2407
2009-06-29,3734,7216,2773,1715,2427
2009-06-30,3757,7241,2838,1701,2442
2009-07-01,3742,7122,2917,1703,2432
2009-07-02,3672,6848,2990,1709,2387
2009-07-03,3520,6438,2958,1718,2288
2009-07-06,3375,6104,2900,1716,2194
2009-07-07,3216,5667,2849,1724,2090
2009-07-08,3107,5336,2829,1749,2020
2009-07-09,3018,5037,2844,1782,1962
2009-07-10,2985,4844,2880,1817,1940
2009-07-13,2975,4788,2883,1834,1934
2009-07-14,3097,5034,2946,1892,2013
2009-07-15,3324,5549,3065,1953,2161
2009-07-16,3501,5916,3177,2016,2276
2009-07-17,3542,5957,3244,2051,2302
2009-07-20,3511,5824,3284,2062,2282
2009-07-21,3455,5602,3330,2080,2246
2009-07-22,3407,5419,3376,2086,2215
2009-07-23,3355,5218,3411,2095,2181
2009-07-24,3345,5170,3440,2091,2174
2009-07-27,3407,5339,3425,2090,2215
2009-07-28,3475,5564,3366,2092,2259
2009-07-29,3499,5704,3285,2091,2274
2009-07-30,3445,5585,3209,2089,2239
2009-07-31,3350,5385,3114,2081,2178
2009-08-03,3251,5187,3047,2060,2113
2009-08-04,3159,5023,2965,2033,2053
2009-08-05,3051,4848,2858,1996,1983
2009-08-06,2907,4631,2697,1918,1890
2009-08-07,2772,4444,2546,1840,1802
2009-08-10,2689,4351,2438,1785,1748
2009-08-11,2623,4292,2330,1736,1705
2009-08-12,2612,4333,2279,1700,1698
2009-08-13,2685,4553,2294,1693,1745
2009-08-14,2752,4708,2343,1709,1789
2009-08-17,2774,4747,2366,1723,1803
2009-08-18,2704,4544,2356,1733,1758
2009-08-19,2614,4342,2301,1731,1699
2009-08-20,2534,4162,2243,1731,1647
2009-08-21,2468,4030,2199,1733,1604
2009-08-24,2437,3965,2150,1748,1584
2009-08-25,2388,3869,2083,1753,1552
2009-08-26,2427,4026,2041,1749,1578
2009-08-27,2425,4002,2048,1752,1576
2009-08-28,2421,3946,2110,1740,1574
2009-09-01,2423,3894,2180,1732,1575
2009-09-02,2413,3820,2250,1723,1568
2009-09-03,2414,3747,2332,1723,1569
2009-09-04,2415,3651,2429,1742,1570
2009-09-07,2429,3595,2490,1793,1579
2009-09-08,2462,3598,2551,1831,1600
2009-09-09,2491,3607,2588,1865,1619
2009-09-10,2492,3592,2549,1894,1620
2009-09-11,2468,3539,2492,1917,1604
2009-09-14,2450,3494,2463,1933,1592
2009-09-15,2431,3415,2435,1974,1580
2009-09-16,2415,3296,2465,2015,1570
2009-09-17,2390,3165,2498,2048,1554
2009-09-18,2356,3008,2516,2063,1531
2009-09-21,2318,2892,2512,2069,1507
2009-09-22,2246,2684,2480,2071,1460
2009-09-23,2175,2545,2384,2071,1414
2009-09-24,2163,2566,2307,2068,1406
2009-09-25,2183,2677,2267,2058,1419
2009-09-28,2192,2729,2254,2031,1425
2009-09-29,2185,2748,2227,2000,1420
2009-09-30,2220,2846,2228,1966,1443
2009-10-01,2284,3060,2265,1911,1485
2009-10-02,2357,3282,2311,1868,1532
2009-10-05,2362,3300,2332,1837,1535
2009-10-06,2441,3528,2360,1820,1587
2009-10-07,2546,3773,2452,1801,1655
2009-10-08,2647,3990,2578,1799,1721
2009-10-09,2695,4107,2649,1800,1752
2009-10-12,2696,4075,2688,1804,1752
2009-10-13,2646,3909,2699,1820,1720
2009-10-14,2597,3762,2676,1869,1688
2009-10-15,2688,3979,2670,1890,1747
2009-10-16,2728,4061,2677,1903,1773
2009-10-19,2766,4163,2687,1900,1798
2009-10-20,2832,4346,2731,1890,1841
2009-10-21,2917,4577,2784,1875,1896
2009-10-22,3001,4774,2889,1862,1951
2009-10-23,3043,4842,2984,1852,1978
2009-10-26,3044,4827,3036,1850,1979
2009-10-27,3013,4733,3044,1842,1958
2009-10-28,2986,4665,3042,1833,1941
2009-10-29,3013,4776,3036,1825,1958
2009-10-30,3103,5047,3084,1820,2017
2009-11-02,3185,5256,3143,1813,2070
2009-11-03,3247,5394,3209,1813,2111
2009-11-04,3295,5440,3326,1833,2142
2009-11-05,3335,5481,3406,1855,2168
2009-11-06,3393,5583,3482,1888,2205
2009-11-09,3480,5764,3537,1917,2262
2009-11-10,3615,6113,3609,1958,2350
2009-11-11,3748,6392,3711,2021,2436
2009-11-12,3954,6848,3799,2085,2570
2009-11-13,4111,7183,3899,2147,2672
2009-11-16,4220,7326,4010,2257,2743
2009-11-17,4381,7683,4099,2350,2848
2009-11-18,4643,8243,4255,2423,3018
2009-11-19,4661,8056,4368,2472,3030
2009-11-20,4507,7542,4341,2487,2930
2009-11-23,4423,7343,4293,2482,2875
2009-11-24,4340,7157,4222,2479,2821
2009-11-25,4234,6928,4101,2472,2752
2009-11-26,4119,6699,3959,2461,2677
2009-11-27,3974,6353,3794,2446,2583
2009-11-30,3887,6189,3685,2416,2527
2009-12-01,3836,6127,3567,2376,2493
2009-12-02,3918,6352,3608,2364,2547
2009-12-03,4062,6640,3757,2368,2640
2009-12-04,4107,6655,3851,2382,2670
2009-12-07,4036,6370,3903,2395,2623
2009-12-08,3902,5948,3910,2414,2536
2009-12-09,3791,5679,3823,2429,2464
2009-12-10,3671,5387,3720,2432,2386
2009-12-11,3579,5193,3599,2429,2326
2009-12-14,3530,5132,3501,2420,2294
2009-12-15,3518,5154,3432,2413,2287
2009-12-16,3474,5123,3372,2366,2258
2009-12-17,3376,4875,3363,2340,2194
2009-12-18,3258,4566,3375,2322,2118
2009-12-21,3154,4284,3386,2297,2050
2009-12-22,3063,4041,3423,2264,1991
2009-12-23,3023,3917,3467,2246,1965
2009-12-24,3005,3887,3490,2224,1953
2010-01-04,3140,4197,3741,2224,2041
2010-01-05,3270,4431,3920,2256,2126
2010-01-06,3259,4253,4037,2319,2118
2010-01-07,3149,3824,4101,2375,2047
2010-01-08,3140,3733,4130,2418,2041
2010-01-11,3148,3718,4136,2452,2046
2010-01-12,3160,3759,4069,2507,2054
2010-01-13,3175,3865,3918,2542,2064
2010-01-14,3235,4142,3767,2545,2103
2010-01-15,3299,4375,3669,2535,2144
2010-01-18,3295,4411,3604,2527,2142
2010-01-19,3208,4174,3548,2510,2085
2010-01-20,3158,4059,3516,2488,2053
2010-01-21,3170,4095,3533,2462,2060
2010-01-22,3204,4161,3587,2449,2083
2010-01-25,3223,4204,3634,2429,2095
2010-01-26,3205,4193,3622,2395,2083
2010-01-27,3118,4019,3558,2356,2027
2010-01-28,2963,3706,3454,2313,1926
2010-01-29,2848,3494,3354,2271,1851
2010-02-01,2745,3317,3234,2233,1784
2010-02-02,2691,3302,3084,2209,1749
2010-02-03,2673,3309,3041,2186,1737
2010-02-04,2685,3371,3050,2167,1745
2010-02-05,2715,3474,3083,2156,1765
2010-02-08,2722,3515,3083,2141,1769
2010-02-09,2706,3486,3070,2128,1759
2010-02-10,2630,3310,3031,2111,1710
2010-02-11,2575,3224,2991,2076,1674
2010-02-12,2571,3259,2974,2048,1671
2010-02-15,2566,3270,2957,2035,1668
2010-02-16,2598,3380,2967,2028,1689
2010-02-17,2661,3523,3024,2029,1730
2010-02-18,2704,3570,3079,2053,1758
2010-02-19,2714,3517,3119,2077,1764
2010-02-22,2721,3476,3157,2103,1769
2010-02-23,2724,3392,3181,2158,1771
2010-02-24,2707,3278,3209,2204,1760
2010-02-25,2711,3196,3261,2249,1762
2010-02-26,2738,3174,3332,2288,1780
2010-03-01,2760,3163,3381,2316,1794
2010-03-02,2792,3172,3441,2345,1815
2010-03-03,2911,3344,3598,2384,1892
2010-03-04,3121,3721,3814,2429,2029
2010-03-05,3242,3923,3927,2472,2107
2010-03-08,3259,3877,3966,2508,2118
2010-03-09,3210,3679,3967,2552,2086
2010-03-10,3230,3723,3936,2587,2100
2010-03-11,3230,3723,4010,2587,2100
2010-03-12,3506,4328,4096,2731,2279
2010-03-15,3574,4411,4140,2820,2323
2010-03-16,3498,4056,4172,2873,2274
2010-03-17,3427,3780,4212,2898,2228
2010-03-18,3396,3613,4250,2920,2207
2010-03-19,3379,3522,4257,2929,2196
2010-03-22,3337,3390,4269,2918,2169
2010-03-23,3280,3282,4241,2877,2132
2010-03-24,3243,3259,4181,2841,2108
2010-03-25,3177,3248,4041,2757,2065
2010-03-26,3098,3244,3887,3647,2014
2010-03-29,3021,3245,3733,2542,1964
2010-03-30,2982,3301,3618,2473,1938
2010-03-31,2998,3425,3606,2431,1949
2010-04-01,2991,3429,3639,2409,1944
2010-04-06,2981,3377,3666,2435,1938
2010-04-07,2947,3233,3740,2460,1916
2010-04-08,2922,3073,3829,2471,1899
2010-04-09,2913,2984,3878,2490,1893
2010-04-12,2911,2941,3903,2508,1892
2010-04-13,2928,2945,3923,2540,1903
2010-04-14,2966,3001,3946,2567,1928
2010-04-15,3001,3048,3962,2596,1951
2010-04-16,3009,3071,3960,2594,1956
2010-04-19,3002,3059,3945,2590,1951
2010-04-20,2998,3083,3884,2608,1949
2010-04-21,3009,3176,3812,2620,1956
2010-04-22,3006,3200,3740,2642,1954
2010-04-23,3013,3238,3688,2656,1958
2010-04-26,3020,3277,3643,2659,1963
2010-04-27,3203,3698,3679,2666,2082
2010-04-28,3329,3947,3781,2686,2164
2010-04-29,3359,3998,3819,2690,2183
2010-04-30,3354,3936,3827,2715,2180
2010-05-04,3352,3892,3837,2732,2179
2010-05-05,3379,3917,3877,2755,2196
2010-05-06,3468,4041,3942,2817,2254
2010-05-07,3608,4348,3985,2888,2345
2010-05-10,3707,4551,4019,2947,2410
2010-05-11,3822,4804,4068,2991,2484
2010-05-12,3888,4878,4116,3025,2527
2010-05-13,3914,4861,4191,3053,2544
2010-05-14,3929,4804,4256,3076,2554
2010-05-17,3922,4711,4330,3090,2549
2010-05-18,3882,4513,4413,3103,2523
2010-05-19,3832,4300,4500,3111,2491
2010-05-20,3803,4192,4524,3106,2472
2010-05-21,3844,4317,4479,3095,2499
2010-05-24,3943,4625,4441,3090,2563
2010-05-25,4187,5262,4396,3076,2722
2010-05-26,4209,5357,4355,3053,2736
2010-05-27,4156,5304,4267,3015,2701
2010-05-28,4078,5217,4156,2982,2651
2010-06-01,4074,5402,3993,2930,2648
2010-06-02,4041,5455,3909,2865,2627
2010-06-03,3933,5275,3847,2798,2556
2010-06-04,3844,5110,3795,2741,2499
2010-06-07,3733,4884,3755,2677,2426
2010-06-08,3579,4553,3709,2610,2326
2010-06-09,3514,4519,3645,2523,2284
2010-06-10,3423,4446,3479,2458,2225
2010-06-11,3288,4276,3295,2410,2137
2010-06-14,3115,3905,3220,2374,2025
2010-06-15,3020,3739,3149,2345,1963
2010-06-16,2893,3488,3054,2306,1880
2010-06-17,2784,3317,2957,2270,1810
2010-06-18,2694,3134,2920,2232,1751
2010-06-21,2601,2920,2907,2194,1691
2010-06-22,2547,2770,2956,2163,1656
2010-06-23,2515,2698,3001,2143,1635
2010-06-24,2502,2695,3009,2126,1626
2010-06-25,2501,2717,2984,2122,1626
2010-06-28,2482,2716,2919,2118,1613
2010-06-29,2447,2713,2820,2096,1591
2010-06-30,2406,2711,2697,2066,1564
2010-07-01,2351,2658,2579,2036,1528
2010-07-02,2280,2627,2405,1995,1482
2010-07-05,2216,2578,2310,1957,1440
2010-07-06,2127,2468,2155,1923,1383
2010-07-07,2018,2291,2047,1870,1312
2010-07-08,1940,2159,1952,1843,1261
2010-07-09,1902,2102,1912,1817,1236
2010-07-12,1840,1949,1908,1789,1196
2010-07-13,1790,1839,1912,1760,1164
2010-07-14,1709,1653,1944,1717,1111
2010-07-15,1700,1640,1992,1683,1105
2010-07-16,1720,1676,2054,1669,1118
2010-07-19,1732,1698,2083,1664,1126
2010-07-20,1761,1757,2118,1671,1145
2010-07-21,1781,1752,2166,1692,1158
2010-07-22,1801,1718,2244,1723,1171
2010-07-23,1826,1708,2317,1745,1187
2010-07-26,1841,1698,2357,1761,1197
2010-07-27,1869,1747,2399,1774,1215
2010-07-28,1901,1801,2456,1772,1236
2010-07-29,1942,1886,2531,1764,1262
2010-07-30,1967,1922,2580,1760,1279
2010-08-02,1977,1922,2624,1756,1285
2010-08-03,1964,1892,2612,1750,1277
2010-08-04,1957,1939,2555,1738,1272
2010-08-05,1978,2029,2515,1734,1286
2010-08-06,2030,2194,2528,1731,1320
2010-08-09,2114,2485,2553,1722,1374
2010-08-10,2212,2724,2611,1729,1438
2010-08-11,2378,3152,2692,1750,1546
2010-08-12,2437,3212,2771,1787,1584
2010-08-13,2468,3210,2806,1831,1604
2010-08-16,2488,3194,2825,1874,1617
2010-08-17,2515,3207,2861,1908,1635
2010-08-18,2558,3225,2910,1972,1663
2010-08-19,2644,3363,2971,2034,1719
2010-08-20,2756,3578,3028,2076,1791
2010-08-23,2841,3777,3061,2102,1847
2010-08-24,2861,3795,3066,2127,1860
2010-08-25,2773,3503,3025,2142,1802
2010-08-26,2703,3362,2965,2118,1757
2010-08-27,2712,3449,2919,2109,1763
2010-08-31,2713,3516,2892,2066,1763
2010-09-01,2741,3643,2897,2029,1782
2010-09-02,2835,3900,2974,1998,1843
2010-09-03,2876,3937,3061,1992,1869
2010-09-06,2881,3857,3161,1999,1873
2010-09-07,2918,3901,3244,2010,1897
2010-09-08,2975,4024,3296,2023,1934
2010-09-09,2988,4017,3333,2036,1942
2010-09-10,2995,4019,3331,2046,1947
2010-09-13,2976,3991,3299,2043,1934
2010-09-14,2940,3933,3231,2042,1911
2010-09-15,2840,3748,3091,2040,1846
2010-09-16,2737,3594,2925,2029,1779
2010-09-17,2676,3481,2869,2012,1739
2010-09-20,2628,3389,2843,1987,1708
2010-09-21,2562,3248,2822,1964,1665
2010-09-22,2486,3108,2768,1941,1616
2010-09-23,2461,3104,2706,1909,1600
2010-09-24,2444,3121,2663,1879,1589
2010-09-27,2451,3197,2619,1861,1593
2010-09-28,2504,3431,2555,1852,1628
2010-09-29,2468,3393,2473,1846,1604
2010-09-30,2446,3370,2413,1847,1590
2010-10-01,2452,3419,2364,1843,1594
2010-10-04,2478,3509,2329,1853,1611
2010-10-05,2569,3786,2315,1860,1670
2010-10-06,2639,3976,2314,1873,1715
2010-10-07,2662,4019,2327,1885,1730
2010-10-08,2696,4076,2358,1894,1752
2010-10-11,2695,4055,2367,1898,1752
2010-10-12,2719,4098,2352,1905,1767
2010-10-13,2748,4173,2315,1899,1786
2010-10-14,2769,4301,2259,1881,1800
2010-10-15,2762,4345,2213,1858,1795
2010-10-18,2756,4363,2175,1846,1791
2010-10-19,2744,4366,2146,1832,1784
2010-10-20,2729,4363,2132,1816,1774
2010-10-21,2720,4356,2140,1805,1768
2010-10-22,2727,4373,2179,1791,1773
2010-10-25,2748,4407,2251,1784,1786
2010-10-26,2778,4448,2351,1780,1806
2010-10-27,2784,4461,2417,1774,1810
2010-10-28,2707,4272,2421,1768,1760
2010-10-29,2678,4262,2368,1750,1741
2010-11-01,2648,4231,2329,1730,1721
2010-11-02,2600,4165,2273,1705,1690
2010-11-03,2542,4060,2248,1680,1652
2010-11-04,2510,4011,2248,1655,1632
2010-11-05,2495,3994,2266,1628,1622
2010-11-08,2482,3984,2284,1597,1613
2010-11-09,2467,3938,2324,1580,1604
2010-11-10,2454,3882,2398,1552,1595
2010-11-11,2366,3695,2393,1532,1538
2010-11-12,2313,3612,2327,1516,1503
2010-11-15,2261,3530,2256,1495,1470
2010-11-16,2219,3490,2179,1474,1442
2010-11-17,2188,3492,2086,1457,1422
2010-11-18,2164,3496,2027,1431,1407
2010-11-19,2155,3526,2002,1389,1401
2010-11-22,2179,3585,2024,1369,1416
2010-11-23,2199,3593,2073,1370,1429
2010-11-24,2213,3539,2153,1392,1438
2010-11-25,2200,3381,2245,1443,1430
2010-11-26,2170,3233,2283,1486,1410
2010-11-29,2145,3095,2306,1512,1394
2010-11-30,2099,2910,2325,1526,1364
2010-12-01,2096,2869,2327,1550,1362
2010-12-02,2133,2919,2331,1569,1386
2010-12-03,2168,2983,2327,1593,1409
2010-12-06,2179,2987,2330,1610,1416
2010-12-07,2173,2929,2329,1624,1412
2010-12-08,2144,2832,2331,1636,1394
2010-12-09,2111,2731,2320,1654,1372
2010-12-10,2095,2694,2302,1670,1362
2010-12-13,2076,2663,2268,1677,1349
2010-12-14,2069,2676,2234,1678,1345
2010-12-15,2047,2687,2180,1659,1331
2010-12-16,2028,2709,2094,1642,1318
2010-12-17,1999,2723,1985,1613,1299
2010-12-20,1955,2671,1905,1582,1271
2010-12-21,1886,2557,1841,1555,1226
2010-12-22,1830,2440,1822,1539,1190
2010-12-23,1795,2379,1805,1517,1167
2010-12-24,1773,2346,1794,1493,1152
2011-01-04,1693,2285,1745,1421,1100
2011-01-05,1621,2137,1770,1386,1054
2011-01-06,1544,1963,1827,1352,1004
2011-01-07,1519,1865,1880,1341,987
2011-01-10,1495,1788,1908,1345,972
2011-01-11,1480,1719,1920,1350,962
2011-01-12,1453,1637,1916,1360,944
2011-01-13,1438,1608,1895,1362,935
2011-01-14,1439,1595,1871,1393,935
2011-01-17,1439,1590,1835,1413,935
2011-01-18,1432,1586,1790,1429,931
2011-01-19,1411,1572,1728,1437,917
2011-01-20,1393,1566,1664,1438,905
2011-01-21,1370,1556,1607,1427,890
2011-01-24,1345,1541,1552,1414,874
2011-01-25,1292,1494,1474,1371,840
2011-01-26,1234,1447,1391,1318,802
2011-01-27,1186,1403,1346,1273,771
2011-01-28,1137,1368,1304,1209,739
2011-01-31,1107,1351,1277,1177,720
2011-02-01,1084,1337,1267,1148,705
2011-02-02,1064,1321,1265,1121,692
2011-02-03,1045,1298,1279,1101,679
2011-02-04,1043,1299,1315,1090,678
2011-02-07,1045,1281,1361,1086,679
2011-02-08,1064,1289,1429,1091,692
2011-02-09,1092,1334,1483,1099,710
2011-02-10,1136,1411,1530,1120,738
2011-02-11,1178,1475,1582,1132,766
2011-02-14,1206,1494,1648,1154,784
2011-02-15,1236,1488,1762,1172,803
2011-02-16,1271,1477,1887,1199,826
2011-02-17,1292,1455,1954,1233,840
2011-02-18,1301,1442,1960,1267,846
2011-02-21,1295,1424,1937,1283,842
2011-02-22,1279,1390,1877,1309,831
2011-02-23,1253,1345,1804,1334,814
2011-02-24,1242,1319,1772,1362,807
2011-02-25,1245,1315,1772,1385,809
2011-02-28,1251,1310,1779,1398,813
2011-03-01,1262,1314,1789,1418,820
2011-03-02,1281,1337,1817,1435,833
2011-03-03,1317,1390,1888,1454,856
2011-03-04,1346,1427,1940,1467,875
2011-03-07,1382,1507,1972,1481,898
2011-03-08,1424,1595,2004,1496,926
2011-03-09,1472,1699,2051,1512,957
2011-03-10,1538,1856,2075,1522,1000
2011-03-11,1562,1891,2087,1529,1015
2011-03-14,1559,1865,2082,1533,1013
2011-03-15,1548,1811,2072,1539,1006
2011-03-16,1538,1744,2071,1551,1000
2011-03-17,1533,1702,2067,1567,996
2011-03-18,1531,1687,2051,1574,995
2011-03-21,1531,1679,2042,1580,995
2011-03-22,1543,1701,2036,1598,1003
2011-03-23,1565,1754,2037,1608,1017
2011-03-24,1583,1798,2035,1612,1029
2011-03-25,1585,1805,2036,1603,1030
2011-03-28,1585,1807,2040,1585,1030
2011-03-29,1572,1785,2021,1565,1022
2011-03-30,1545,1756,1972,1545,1004
2011-03-31,1530,1768,1928,1523,994
2011-04-01,1520,1792,1886,1511,988
2011-04-04,1498,1779,1850,1496,974
2011-04-05,1462,1728,1800,1485,950
2011-04-06,1430,1674,1751,1478,930
2011-04-07,1401,1638,1700,1468,911
2011-04-08,1376,1612,1659,1457,894
2011-04-11,1359,1590,1627,1450,883
2011-04-12,1342,1576,1593,1441,872
2011-04-13,1324,1570,1550,1433,861
2011-04-14,1309,1573,1513,1422,851
2011-04-15,1296,1564,1479,1414,842
2011-04-18,1284,1552,1455,1409,835
2011-04-19,1271,1538,1423,1405,826
2011-04-20,1262,1540,1382,1404,820
2011-04-21,1254,1540,1344,1401,815
2011-04-26,1250,1546,1333,1392,812
2011-04-27,1259,1566,1360,1388,818
2011-04-28,1269,1564,1417,1390,825
2011-05-03,1292,1572,1523,1375,840
2011-05-04,1302,1560,1608,1368,846
2011-05-05,1314,1542,1686,1371,854
2011-05-06,1340,1566,1731,1386,871
2011-05-09,1348,1557,1763,1397,876
2011-05-10,1344,1529,1785,1403,874
2011-05-11,1334,1509,1776,1399,867
2011-05-12,1320,1498,1732,1395,858
2011-05-13,1306,1494,1683,1392,849
2011-05-16,1291,1475,1638,1393,839
2011-05-17,1274,1457,1587,1393,828
2011-05-18,1271,1459,1562,1399,826
2011-05-19,1329,1604,1579,1408,864
2011-05-20,1349,1633,1630,1413,877
2011-05-23,1369,1651,1674,1416,890
2011-05-24,1398,1690,1717,1429,909
2011-05-25,1446,1759,1792,1440,940
2011-05-26,1467,1794,1828,1449,954
2011-05-27,1474,1821,1825,1451,958
2011-05-31,1480,1874,1790,1450,962
2011-06-01,1485,1912,1769,1449,965
2011-06-02,1489,1934,1755,1445,968
2011-06-03,1489,1939,1751,1435,968
2011-06-06,1484,1933,1753,1424,965
2011-06-07,1456,1860,1773,1397,946
2011-06-08,1434,1801,1817,1369,932
2011-06-09,1428,1767,1862,1355,928
2011-06-10,1418,1735,1885,1348,922
2011-06-13,1412,1732,1908,1339,918
2011-06-14,1400,1694,1932,1331,910
2011-06-15,1405,1716,1935,1324,913
2011-06-16,1424,1796,1909,1321,926
2011-06-17,1423,1824,1871,1319,925
2011-06-20,1418,1836,1840,1318,922
2011-06-21,1409,1835,1808,1318,916
2011-06-22,1406,1859,1778,1319,914
2011-06-23,1414,1905,1754,1323,919
2011-06-24,1424,1974,1723,1322,926
2011-06-27,1442,2053,1687,1320,937
2011-06-28,1438,2082,1631,1318,935
2011-06-29,1420,2048,1593,1313,923
2011-06-30,1413,2036,1564,1308,918
2011-07-01,1422,2045,1550,1306,924
2011-07-04,1419,2052,1542,1300,922
2011-07-05,1428,2082,1554,1292,928
2011-07-06,1443,2116,1585,1286,938
2011-07-07,1453,2126,1621,1282,944
2011-07-08,1449,2115,1641,1277,942
2011-07-11,1437,2084,1649,1273,934
2011-07-12,1411,2022,1634,1270,917
2011-07-13,1383,1965,1599,1270,899
2011-07-14,1367,1943,1564,1270,889
2011-07-15,1353,1918,1537,1271,879
2011-07-18,1340,1900,1514,1270,871
2011-07-19,1330,1884,1500,1268,864
2011-07-20,1328,1866,1495,1268,863
2011-07-21,1325,1851,1494,1270,861
2011-07-22,1323,1841,1495,1271,860
2011-07-25,1317,1827,1500,1270,856
2011-07-26,1310,1816,1498,1266,852
2011-07-27,1296,1800,1492,1265,842
2011-07-28,1278,1767,1484,1262,831
2011-07-29,1264,1749,1471,1259,822
2011-08-01,1256,1738,1463,1254,816
2011-08-02,1253,1749,1451,1252,814
2011-08-03,1260,1775,1442,1252,819
2011-08-04,1268,1807,1436,1253,824
2011-08-05,1268,1804,1439,1250,824
2011-08-08,1264,1793,1437,1250,822
2011-08-09,1257,1783,1436,1244,817
2011-08-10,1265,1810,1442,1244,822
2011-08-11,1277,1836,1463,1246,830
2011-08-12,1287,1851,1482,1255,837
2011-08-15,1306,1870,1503,1267,849
2011-08-16,1344,1951,1529,1282,874
2011-08-17,1371,2015,1546,1296,891
2011-08-18,1414,2124,1558,1318,919
2011-08-19,1462,2220,1570,1338,950
2011-08-22,1515,2324,1587,1353,985
2011-08-23,1565,2446,1605,1369,1017
2011-08-24,1602,2556,1620,1378,1041
2011-08-25,1582,2466,1622,1385,1028
2011-08-26,1541,2346,1611,1387,1002
2011-08-30,1537,2333,1597,1386,999
2011-08-31,1619,2598,1590,1382,1052
2011-09-01,1682,2807,1586,1380,1093
2011-09-02,1740,2975,1593,1379,1131
2011-09-05,1750,2995,1598,1378,1138
2011-09-06,1767,3010,1609,1381,1149
2011-09-07,1744,2938,1622,1382,1134
2011-09-08,1782,3048,1635,1390,1158
2011-09-09,1838,3185,1650,1401,1195
2011-09-12,1876,3270,1660,1408,1219
2011-09-13,1901,3309,1675,1417,1236
2011-09-14,1927,3342,1699,1426,1253
2011-09-15,1907,3267,1711,1438,1240
2011-09-16,1814,3008,1709,1446,1179
2011-09-19,1764,2847,1697,1450,1147
2011-09-20,1795,2942,1667,1457,1167
2011-09-21,1811,3012,1627,1463,1177
2011-09-22,1884,3244,1604,1471,1225
2011-09-23,1920,3335,1603,1479,1248
2011-09-26,1928,3344,1613,1485,1253
2011-09-27,1927,3318,1625,1487,1253
2011-09-28,1920,3268,1641,1492,1248
2011-09-29,1913,3207,1664,1497,1243
2011-09-30,1899,3136,1685,1499,1234
2011-10-03,1886,3063,1701,1501,1226
2011-10-04,1885,3021,1729,1503,1225
2011-10-05,1908,3043,1776,1511,1240
2011-10-06,1967,3162,1825,1519,1279
2011-10-07,2000,3218,1869,1533,1300
2011-10-10,2032,3275,1898,1545,1321
2011-10-11,2106,3474,1937,1554,1369
2011-10-12,2127,3486,1980,1568,1383
2011-10-13,2155,3546,2015,1583,1401
2011-10-14,2173,3587,2037,1594,1412
2011-10-17,2160,3539,2048,1606,1404
2011-10-18,2136,3451,2051,1607,1388
2011-10-19,2140,3473,2038,1612,1391
2011-10-20,2161,3565,2010,1612,1405
2011-10-21,2153,3566,1977,1607,1399
2011-10-24,2153,3597,1951,1595,1399
2011-10-25,2161,3638,1928,1584,1405
2011-10-26,2145,3612,1913,1571,1394
2011-10-27,2091,3481,1898,1559,1359
2011-10-28,2018,3274,1893,1545,1312
2011-10-31,1965,3132,1884,1531,1277
2011-11-01,1912,3003,1866,1512,1243
2011-11-02,1859,2906,1842,1486,1208
2011-11-03,1817,2829,1820,1452,1181
2011-11-04,1784,2788,1790,1425,1160
2011-11-07,1766,2779,1766,1404,1148
2011-11-08,1759,2823,1742,1361,1143
2011-11-09,1802,2993,1726,1336,1171
2011-11-10,1840,3162,1717,1329,1196
2011-11-11,1835,3150,1717,1324,1193
2011-11-14,1818,3081,1719,1326,1182
2011-11-15,1846,3108,1725,1344,1200
2011-11-16,1884,3223,1740,1356,1225
2011-11-17,1898,3258,1761,1368,1234
2011-11-18,1895,3235,1785,1381,1232
2011-11-21,1874,3188,1794,1383,1218
2011-11-22,1854,3146,1801,1386,1205
2011-11-23,1830,3083,1794,1384,1190
2011-11-24,1814,3042,1775,1382,1179
2011-11-25,1807,3049,1748,1380,1175
2011-11-28,1809,3083,1724,1378,1176
2011-11-29,1828,3198,1705,1366,1188
2011-11-30,1846,3298,1682,1359,1200
2011-12-01,1862,3386,1665,1347,1210
2011-12-02,1866,3409,1657,1335,1213
2011-12-05,1856,3390,1649,1322,1206
2011-12-06,1848,3387,1646,1300,1201
2011-12-07,1849,3405,1643,1278,1202
2011-12-08,1882,3529,1649,1248,1223
2011-12-09,1922,3697,1669,1230,1249
2011-12-12,1930,3725,1689,1218,1254
2011-12-13,1922,3695,1707,1206,1249
2011-12-14,1912,3652,1720,1202,1243
2011-12-15,1912,3652,1727,1202,1243
2011-12-16,1888,3572,1730,1193,1227
2011-12-19,1885,3571,1730,1188,1225
2011-12-20,1878,3565,1713,1187,1221
2011-12-21,1856,3526,1676,1187,1206
2011-12-22,1787,3406,1632,1183,1162
2011-12-23,1738,3287,1602,1176,1130
2012-01-03,1624,2955,1576,1158,1056
2012-01-04,1552,2768,1557,1140,1009
2012-01-05,1426,2471,1530,1125,927
2012-01-06,1347,2304,1497,1112,876
2012-01-09,1308,2229,1466,1099,850
2012-01-10,1258,2115,1415,1082,818
2012-01-11,1193,1992,1355,1035,775
2012-01-12,1105,1798,1300,999,718
2012-01-13,1053,1723,1229,971,684
2012-01-16,1013,1681,1172,949,658
2012-01-17,974,1631,1129,927,633
2012-01-18,926,1583,1074,892,602
2012-01-19,893,1559,1029,858,580
2012-01-20,862,1554,992,807,560
2012-01-23,841,1547,955,792,547
2012-01-24,807,1512,920,775,525
2012-01-25,784,1497,884,756,510
2012-01-26,753,1477,839,721,489
2012-01-27,726,1465,791,695,472
2012-01-30,702,1456,742,673,456
2012-01-31,680,1447,702,655,442
2012-02-01,662,1446,673,637,430
2012-02-02,651,1445,660,620,423
2012-02-03,647,1436,672,608,421
2012-02-06,648,1438,705,600,421
2012-02-07,660,1444,748,607,429
2012-02-08,676,1448,805,620,439
2012-02-09,695,1456,872,630,452
2012-02-10,715,1457,943,645,465
2012-02-13,729,1463,983,651,474
2012-02-14,734,1468,992,652,477
2012-02-15,731,1466,980,646,475
2012-02-16,723,1464,950,641,470
2012-02-17,717,1461,925,641,466
2012-02-20,715,1456,908,645,465
2012-02-21,706,1452,878,640,459
2012-02-22,704,1460,850,641,458
2012-02-23,706,1471,829,647,459
2012-02-24,718,1504,818,662,467
2012-02-27,730,1525,815,678,474
2012-02-28,738,1531,815,692,480
2012-02-29,750,1531,815,712,488
2012-03-01,763,1527,822,732,496
2012-03-02,771,1525,828,745,501
2012-03-05,782,1523,837,768,508
2012-03-06,787,1516,835,788,512
2012-03-07,798,1515,840,810,519
2012-03-08,812,1506,854,841,528
2012-03-09,824,1503,869,864,536
2012-03-12,837,1496,891,882,544
2012-03-13,844,1482,908,899,549
2012-03-14,855,1479,920,923,556
2012-03-15,866,1475,935,937,563
2012-03-16,874,1466,948,951,568
2012-03-19,879,1449,967,963,571
2012-03-20,884,1416,980,989,575
2012-03-21,896,1404,991,1007,582
2012-03-22,902,1384,1001,1024,586
2012-03-23,908,1369,1011,1035,590
2012-03-26,912,1354,1011,1035,593
2012-03-27,917,1354,1010,1055,596
2012-03-28,922,1361,1014,1054,599
2012-03-29,930,1386,1018,1043,604
2012-03-30,934,1412,1024,1030,607
2012-04-02,934,1427,1024,1016,607
2012-04-03,931,1456,1022,990,605
2012-04-04,926,1475,1017,965,602
2012-04-05,928,1507,1009,949,603
2012-04-10,928,1531,1013,936,603
2012-04-11,944,1561,1045,925,614
2012-04-12,960,1576,1082,930,624
2012-04-13,972,1572,1130,936,632
2012-04-16,975,1547,1159,944,634
2012-04-17,989,1542,1201,957,643
2012-04-18,1006,1534,1260,974,654
2012-04-19,1028,1534,1321,992,668
2012-04-20,1067,1533,1449,1020,694
2012-04-23,1090,1524,1512,1044,708
2012-04-24,1116,1521,1586,1067,725
2012-04-25,1137,1514,1649,1087,739
2012-04-26,1148,1505,1683,1097,746
2012-04-27,1156,1499,1692,1102,751
2012-04-30,1155,1496,1680,1101,751
2012-05-01,1152,1494,1668,1098,749
2012-05-02,1149,1495,1647,1099,747
2012-05-03,1157,1527,1592,1108,752
2012-05-04,1157,1576,1487,1118,752
2012-05-08,1165,1625,1403,1119,757
2012-05-09,1156,1628,1354,1115,751
2012-05-10,1146,1618,1314,1116,745
2012-05-11,1138,1614,1287,1112,740
2012-05-14,1132,1612,1264,1109,736
2012-05-15,1130,1613,1248,1105,734
2012-05-16,1137,1632,1232,1106,739
2012-05-17,1137,1638,1223,1104,739
2012-05-18,1141,1633,1239,1108,742
2012-05-21,1141,1626,1234,1113,742
2012-05-22,1127,1602,1203,1117,733
2012-05-23,1100,1539,1153,1120,715
2012-05-24,1058,1457,1099,1124,688
2012-05-25,1034,1424,1053,1118,672
2012-05-28,1012,1404,1019,1108,658
2012-05-29,986,1377,980,1090,641
2012-05-30,950,1342,942,1054,618
2012-05-31,923,1319,896,1034,600
2012-06-01,904,1298,870,1023,588
2012-06-06,878,1252,851,1008,571
2012-06-07,872,1232,856,1001,567
2012-06-08,877,1223,886,1000,570
2012-06-11,884,1221,915,1000,575
2012-06-12,893,1212,945,1007,580
2012-06-13,902,1196,974,1018,586
2012-06-14,912,1162,1015,1038,593
2012-06-15,924,1148,1033,1061,601
2012-06-18,938,1138,1048,1084,610
2012-06-19,954,1140,1057,1112,620
2012-06-20,972,1145,1061,1146,632
2012-06-21,978,1152,1042,1167,636
2012-06-22,978,1155,1018,1179,636
2012-06-25,978,1160,997,1191,636
2012-06-26,981,1168,975,1207,638
2012-06-27,988,1182,953,1229,642
2012-06-28,994,1184,940,1247,646
2012-06-29,1004,1190,955,1257,653
2012-07-02,1013,1204,965,1264,658
2012-07-03,1063,1290,990,1269,691
2012-07-04,1103,1369,1022,1284,717
2012-07-05,1138,1455,1060,1293,740
2012-07-06,1157,1493,1098,1296,752
2012-07-09,1162,1501,1113,1299,755
2012-07-10,1160,1484,1128,1300,754
2012-07-11,1146,1428,1142,1299,745
2012-07-12,1121,1352,1154,1294,729
2012-07-13,1110,1320,1169,1287,722
2012-07-16,1102,1310,1176,1277,716
2012-07-17,1093,1301,1180,1261,710
2012-07-18,1074,1286,1173,1239,698
2012-07-19,1053,1276,1150,1212,684
2012-07-20,1037,1276,1124,1192,674
2012-07-23,1022,1275,1103,1173,664
2012-07-24,1003,1261,1079,1156,652
2012-07-25,982,1239,1059,1133,638
2012-07-26,958,1224,1030,1099,623
2012-07-27,933,1209,1003,1069,606
2012-07-30,915,1200,982,1047,595
2012-07-31,897,1194,956,1032,583
2012-08-01,878,1181,928,1023,571
2012-08-02,861,1178,905,1010,560
2012-08-03,852,1200,885,995,554
2012-08-06,843,1214,865,982,548
2012-08-07,836,1237,844,966,543
2012-08-08,812,1204,817,946,528
2012-08-09,790,1192,800,906,514
2012-08-10,774,1169,791,886,503
2012-08-13,764,1158,781,877,497
2012-08-14,750,1147,780,865,488
2012-08-15,728,1120,778,856,473
2012-08-16,720,1105,778,847,468
2012-08-17,714,1095,783,841,464
2012-08-20,711,1087,795,838,462
2012-08-21,709,1082,809,833,461
2012-08-22,712,1091,818,833,463
2012-08-23,715,1103,815,845,465
2012-08-24,717,1124,803,853,466
2012-08-28,724,1182,788,857,471
2012-08-29,718,1177,765,858,467
2012-08-30,707,1169,735,855,460
2012-08-31,703,1172,712,857,457
2012-09-03,698,1180,692,852,454
2012-09-04,693,1186,665,849,450
2012-09-05,684,1188,627,845,445
2012-09-06,675,1186,597,837,439
2012-09-07,669,1186,580,832,435
2012-09-10,666,1188,563,827,433
2012-09-11,662,1187,548,821,430
2012-09-12,661,1186,527,825,430
2012-09-13,663,1198,511,828,431
2012-09-14,662,1204,486,834,430
2012-09-17,663,1219,467,839,431
2012-09-18,697,1326,459,843,453
2012-09-19,722,1421,454,845,469
2012-09-20,755,1531,454,850,491
2012-09-21,774,1584,454,847,503
2012-09-24,772,1578,448,847,502
2012-09-25,763,1568,429,847,496
2012-09-26,752,1549,415,844,489
2012-09-27,744,1548,407,836,484
2012-09-28,766,1621,413,830,498
2012-10-01,777,1660,427,825,505
2012-10-02,778,1676,450,818,506
2012-10-03,798,1738,483,810,519
2012-10-04,845,1873,529,802,549
2012-10-05,875,1932,582,795,569
2012-10-08,883,1921,629,791,574
2012-10-09,875,1829,691,789,569
2012-10-10,875,1775,761,787,569
2012-10-11,903,1833,819,783,587
2012-10-12,926,1914,846,776,602
2012-10-15,941,1960,860,768,612
2012-10-16,981,2103,880,754,638
2012-10-17,999,2162,880,746,649
2012-10-18,989,2135,871,740,643
2012-10-19,1010,2217,856,732,656
2012-10-22,1037,2332,838,721,674
2012-10-23,1109,2587,821,716,721
2012-10-24,1088,2530,804,712,707
2012-10-25,1051,2432,790,706,683
2012-10-26,1049,2451,783,699,682
2012-10-29,1048,2460,779,693,681
2012-10-30,1043,2458,772,689,678
2012-10-31,1026,2419,762,678,667
2012-11-01,1000,2355,752,671,650
2012-11-02,986,2304,748,669,641
2012-11-05,971,2261,739,662,631
2012-11-06,947,2186,729,654,616
2012-11-07,916,2098,720,647,595
2012-11-08,916,2119,710,644,595
2012-11-09,940,2203,706,649,611
2012-11-12,965,2283,704,652,627
2012-11-13,985,2327,715,653,640
2012-11-14,1011,2375,756,655,657
2012-11-15,1024,2350,824,664,666
2012-11-16,1036,2347,863,674,673
2012-11-19,1054,2369,879,687,685
2012-11-20,1066,2367,909,695,693
2012-11-21,1073,2335,938,706,697
2012-11-22,1084,2318,965,716,705
2012-11-23,1090,2288,987,724,708
2012-11-26,1094,2277,994,732,711
2012-11-27,1097,2275,995,742,713
2012-11-28,1104,2275,982,751,718
2012-11-29,1097,2241,967,760,713
2012-11-30,1086,2199,953,766,706
2012-12-03,1077,2166,946,772,700
2012-12-04,1054,2095,935,771,685
2012-12-05,1022,2000,922,768,664
2012-12-06,990,1897,913,765,644
2012-12-07,966,1832,907,760,628
2012-12-10,937,1762,900,751,609
2012-12-11,900,1652,886,751,585
2012-12-12,826,1446,866,748,537
2012-12-13,799,1407,844,746,519
2012-12-14,784,1440,812,745,510
2012-12-17,766,1403,789,742,498
2012-12-18,743,1315,767,738,483
2012-12-19,720,1233,740,738,468
2012-12-20,708,1226,710,735,460
2012-12-21,700,1228,686,732,455
2012-12-24,699,1235,675,728,454
2013-01-02,698,1237,662,737,454
2013-01-03,700,1254,652,739,455
2013-01-04,706,1285,646,739,459
2013-01-07,712,1319,646,739,463
2013-01-08,734,1386,659,740,477
2013-01-09,743,1384,692,741,483
2013-01-10,751,1367,729,743,488
2013-01-11,760,1367,747,745,494
2013-01-14,762,1370,748,743,495
2013-01-15,765,1365,742,740,497
2013-01-16,781,1431,729,738,508
2013-01-17,820,1573,718,735,533
2013-01-18,837,1605,715,730,544
2013-01-21,838,1604,711,728,545
2013-01-22,825,1577,705,721,536
2013-01-23,817,1564,702,713,531
2013-01-24,808,1541,699,712,525
2013-01-25,798,1520,694,711,519
2013-01-28,792,1507,689,710,515
2013-01-29,779,1491,679,695,506
2013-01-30,767,1477,666,688,499
2013-01-31,760,1468,654,684,494
2013-02-01,750,1454,641,682,488
2013-02-04,745,1461,631,681,484
2013-02-05,739,1466,630,677,480
2013-02-06,740,1484,635,674,481
2013-02-07,749,1481,674,671,487
2013-02-08,748,1461,701,669,486
2013-02-11,746,1453,715,666,485
2013-02-12,747,1448,727,668,486
2013-02-13,751,1448,759,664,488
2013-02-14,748,1429,784,667,486
2013-02-15,753,1434,808,672,489
2013-02-18,747,1408,821,679,486
2013-02-19,738,1377,835,687,480
2013-02-20,735,1355,851,695,478
2013-02-21,737,1344,867,705,479
2013-02-22,740,1335,885,717,481
2013-02-25,743,1323,898,724,483
2013-02-26,741,1291,915,734,482
2013-02-27,745,1264,936,745,484
2013-02-28,757,1249,965,764,492
2013-03-01,776,1243,1010,781,504
2013-03-04,789,1239,1032,801,513
2013-03-05,806,1246,1053,818,524
2013-03-06,820,1251,1064,837,533
2013-03-07,834,1260,1085,852,542
2013-03-08,843,1262,1097,864,548
2013-03-11,847,1260,1101,876,551
2013-03-12,865,1314,1104,889,562
2013-03-13,875,1314,1110,903,569
2013-03-14,880,1302,1119,913,572
2013-03-15,892,1299,1134,925,580
2013-03-18,899,1295,1143,937,584
2013-03-19,912,1290,1154,950,593
2013-03-20,923,1294,1161,959,600
2013-03-21,930,1290,1173,968,604
2013-03-22,933,1284,1178,978,606
2013-03-25,935,1284,1180,981,608
2013-03-26,931,1275,1175,977,605
2013-03-27,922,1258,1162,965,599
2013-03-28,910,1249,1148,944,592
2013-04-02,896,1229,1127,933,582
2013-04-03,877,1209,1102,924,570
2013-04-04,866,1209,1079,915,563
2013-04-05,861,1215,1068,912,560
2013-04-08,858,1223,1058,907,558
2013-04-09,856,1236,1051,902,556
2013-04-10,859,1250,1054,900,558
2013-04-11,865,1257,1068,901,562
2013-04-12,875,1265,1084,902,569
2013-04-15,876,1257,1096,902,569
2013-04-16,880,1251,1114,900,572
2013-04-17,885,1245,1137,899,575
2013-04-18,885,1238,1150,898,575
2013-04-19,888,1234,1165,902,577
2013-04-22,889,1230,1171,902,578
2013-04-23,885,1220,1163,903,575
2013-04-24,879,1214,1135,905,571
2013-04-25,872,1220,1092,904,567
2013-04-26,871,1246,1054,900,566
2013-04-29,868,1260,1031,895,564
2013-04-30,863,1273,1002,888,561
2013-05-01,862,1279,991,884,560
2013-05-02,873,1322,984,880,567
2013-05-03,878,1344,980,876,571
2013-05-07,889,1393,973,874,578
2013-05-08,892,1408,969,872,580
2013-05-09,889,1398,969,869,578
2013-05-10,884,1382,967,866,575
2013-05-13,879,1370,966,861,571
2013-05-14,872,1360,962,857,567
2013-05-15,861,1338,948,854,560
2013-05-16,850,1334,925,853,552
2013-05-17,841,1326,905,851,547
2013-05-20,836,1317,892,852,543
2013-05-21,830,1321,874,851,540
2013-05-22,829,1333,856,853,539
2013-05-23,828,1339,839,855,538
2013-05-24,826,1350,829,857,537
2013-05-28,822,1346,814,858,534
2013-05-29,818,1348,797,859,532
2013-05-30,811,1339,782,865,527
2013-05-31,809,1336,772,871,526
2013-06-03,806,1333,762,873,524
2013-06-04,805,1338,753,877,523
2013-06-05,801,1335,745,880,521
2013-06-06,806,1344,742,885,524
2013-06-07,812,1352,741,889,528
2013-06-10,815,1359,743,890,530
2013-06-11,825,1379,754,892,536
2013-06-12,847,1427,785,895,551
2013-06-13,873,1484,809,895,567
2013-06-14,900,1537,835,900,585
2013-06-17,925,1588,853,900,601
2013-06-18,962,1674,867,903,625
2013-06-19,995,1757,883,909,647
2013-06-20,1012,1792,893,916,658
2013-06-21,1027,1822,900,923,668
2013-06-24,1062,1912,909,930,690
2013-06-25,1090,1959,930,937,708
2013-06-26,1125,2061,946,944,731
2013-06-27,1151,2120,964,950,748
2013-06-28,1171,2165,976,954,761
2013-07-01,1179,2176,983,954,766
2013-07-02,1170,2134,985,952,760
2013-07-03,1133,2020,986,943,736
2013-07-04,1103,1936,982,932,717
2013-07-05,1099,1929,977,924,714
2013-07-08,1115,1977,971,920,725
2013-07-09,1120,2012,976,911,728
2013-07-10,1130,2037,993,904,734
2013-07-11,1139,2047,1030,901,740
2013-07-12,1149,2058,1064,897,747
2013-07-15,1151,2052,1084,894,748
2013-07-16,1152,2044,1102,895,749
2013-07-17,1151,2034,1119,894,748
2013-07-18,1146,2006,1130,897,745
2013-07-19,1138,1987,1137,898,740
2013-07-22,1135,1978,1135,902,738
2013-07-23,1127,1956,1124,907,733
2013-07-24,1117,1936,1110,914,726
2013-07-25,1092,1890,1089,917,710
2013-07-26,1082,1873,1071,917,703
2013-07-29,1075,1864,1057,919,699
2013-07-30,1067,1856,1042,916,694
2013-07-31,1062,1881,1025,912,690
2013-08-01,1066,1935,1010,909,693
2013-08-02,1065,1950,990,908,692
2013-08-05,1058,1939,978,908,688
2013-08-06,1046,1907,962,907,680
2013-08-07,1024,1853,948,911,666
2013-08-08,1012,1829,934,913,658
2013-08-09,1001,1813,920,911,651
2013-08-12,996,1805,912,910,647
2013-08-13,1007,1846,906,909,655
2013-08-14,1060,2021,901,910,689
2013-08-15,1091,2099,899,913,709
2013-08-16,1102,2112,897,916,716
2013-08-19,1115,2140,891,917,725
2013-08-20,1145,2218,887,919,744
2013-08-21,1156,2268,880,920,751
2013-08-22,1158,2284,880,925,753
2013-08-23,1165,2312,879,927,757
2013-08-27,1169,2335,880,929,760
2013-08-28,1146,2284,877,934,745
2013-08-29,1136,2256,880,937,738
2013-08-30,1132,2243,883,939,736
2013-09-02,1139,2263,888,939,740
2013-09-03,1168,2344,897,939,759
2013-09-04,1215,2445,909,943,790
2013-09-05,1279,2660,936,952,831
2013-09-06,1352,2799,995,959,879
2013-09-09,1478,3113,1078,965,961
2013-09-10,1541,3255,1158,958,1002
2013-09-11,1628,3431,1213,954,1058
2013-09-12,1621,3397,1250,946,1054
2013-09-13,1636,3446,1277,940,1063
2013-09-16,1651,3480,1292,936,1073
2013-09-17,1740,3691,1319,934,1131
2013-09-18,1822,3838,1354,942,1184
2013-09-19,1860,3924,1384,951,1209
2013-09-20,1904,4018,1421,964,1238
2013-09-23,1947,4111,1476,971,1266
2013-09-24,2021,4253,1566,986,1314
2013-09-25,2127,4329,1706,1012,1383
2013-09-26,2113,4193,1754,1046,1373
2013-09-27,2046,3967,1760,1069,1330
2013-09-30,2003,3853,1755,1079,1302
2013-10-01,1994,3816,1746,1087,1296
2013-10-02,2008,3810,1773,1093,1305
2013-10-03,2047,3878,1821,1101,1331
2013-10-04,2084,3943,1872,1113,1355
2013-10-07,2115,4020,1904,1127,1375
2013-10-08,2146,4085,1945,1145,1395
2013-10-09,2125,3959,1972,1162,1381
2013-10-10,2011,3621,1983,1175,1307
2013-10-11,1985,3527,1980,1182,1290
2013-10-14,1961,3455,1975,1185,1275
2013-10-15,1963,3469,1975,1186,1276
2013-10-16,1965,3478,1983,1199,1277
2013-10-17,1960,3451,2010,1206,1274
2013-10-18,1901,3264,2010,1213,1236
2013-10-21,1878,3200,2003,1221,1221
2013-10-22,1847,3110,1988,1228,1201
2013-10-23,1786,2943,1960,1243,1161
2013-10-24,1708,2775,1909,1252,1110
2013-10-25,1671,2681,1856,1258,1086
2013-10-28,1619,2526,1807,1260,1052
2013-10-29,1551,2340,1744,1266,1008
2013-10-30,1484,2164,1672,1268,965
2013-10-31,1504,2245,1624,1269,978
2013-11-01,1525,2316,1589,1273,991
2013-11-04,1552,2400,1570,1280,1009
2013-11-05,1600,2553,1575,1285,1040
2013-11-06,1602,2554,1572,1291,1041
2013-11-07,1593,2533,1553,1305,1035
2013-11-08,1581,2514,1525,1315,1028
2013-11-11,1564,2506,1503,1320,1017
2013-11-12,1543,2473,1471,1321,1003
2013-11-13,1531,2455,1437,1325,995
2013-11-14,1517,2397,1401,1339,986
2013-11-15,1507,2377,1373,1354,980
2013-11-18,1500,2366,1347,1360,975
2013-11-19,1495,2366,1318,1363,972
2013-11-20,1527,2511,1311,1371,993
2013-11-21,1499,2447,1311,1378,974
2013-11-22,1483,2390,1327,1393,964
2013-11-25,1492,2391,1351,1404,970
2013-11-26,1512,2399,1390,1418,983
2013-11-27,1573,2496,1471,1441,1022
2013-11-28,1719,2848,1571,1458,1117
2013-11-29,1821,3089,1621,1475,1184
2013-12-02,1865,3194,1651,1488,1212
2013-12-03,1922,3316,1695,1507,1249
2013-12-04,1994,3481,1749,1522,1296
2013-12-05,2145,3843,1819,1531,1394
2013-12-06,2176,3842,1873,1552,1414
2013-12-09,2183,3831,1904,1557,1419
2013-12-10,2237,4011,1945,1554,1454
2013-12-11,2299,4210,1997,1560,1494
2013-12-12,2337,4291,2030,1562,1519
2013-12-13,2330,4246,2040,1553,1514
2013-12-16,2292,4065,2026,1546,1490
2013-12-17,2225,3818,1969,1541,1446
2013-12-18,2156,3638,1893,1517,1401
2013-12-19,2134,3596,1831,1499,1387
2013-12-20,2208,3875,1807,1482,1435
2013-12-23,2247,3996,1784,1468,1461
2013-12-24,2277,4078,1775,1453,1480
2014-01-02,2113,3733,1730,1330,1373
2014-01-03,2036,3531,1701,1276,1323
2014-01-06,1951,3287,1676,1239,1268
2014-01-07,1876,3017,1645,1204,1219
2014-01-08,1826,2818,1625,1191,1187
2014-01-09,1706,2500,1599,1188,1109
2014-01-10,1512,2101,1576,1190,983
2014-01-13,1395,1857,1553,1191,907
2014-01-14,1370,1832,1535,1189,890
2014-01-15,1374,1862,1529,1182,893
2014-01-16,1398,1929,1526,1175,909
2014-01-17,1421,2026,1521,1165,924
2014-01-20,1428,2082,1510,1154,928
2014-01-21,1369,1973,1488,1141,890
2014-01-22,1322,1880,1455,1130,859
2014-01-23,1271,1775,1428,1121,826
2014-01-24,1246,1723,1398,1112,810
2014-01-27,1217,1673,1374,1098,791
2014-01-28,1177,1577,1349,1079,765
2014-01-29,1148,1531,1332,1056,746
2014-01-30,1127,1527,1311,1018,733
2014-01-31,1110,1524,1300,996,722
2014-02-03,1093,1516,1290,975,710
2014-02-04,1084,1513,1278,961,705
2014-02-05,1086,1544,1272,948,706
2014-02-06,1092,1575,1272,937,710
2014-02-07,1091,1588,1270,929,709
2014-02-10,1096,1611,1272,929,712
2014-02-11,1091,1581,1289,928,709
2014-02-12,1085,1548,1292,938,705
2014-02-13,1097,1557,1283,965,713
2014-02-14,1106,1554,1281,998,719
2014-02-17,1130,1625,1279,1026,734
2014-02-18,1146,1667,1270,1049,745
2014-02-19,1160,1690,1255,1068,754
2014-02-20,1164,1680,1236,1087,757
2014-02-21,1175,1701,1220,1098,764
2014-02-24,1174,1707,1198,1096,763
2014-02-25,1197,1775,1164,1096,778
2014-02-26,1222,1912,1132,1097,794
2014-02-27,1250,2049,1103,1100,812
2014-02-28,1258,2084,1079,1103,818
2014-03-03,1276,2180,1060,1107,829
2014-03-04,1325,2326,1042,1115,861
2014-03-05,1391,2596,1034,1116,904
2014-03-06,1480,2830,1037,1122,962
2014-03-07,1543,2980,1055,1131,1003
2014-03-10,1562,3023,1068,1137,1015
2014-03-11,1580,3045,1084,1149,1027
2014-03-12,1453,2600,1082,1159,944
2014-03-13,1468,2654,1085,1173,954
2014-03-14,1477,2677,1092,1183,960
2014-03-17,1481,2691,1095,1191,963
2014-03-18,1518,2818,1098,1198,987
2014-03-19,1570,2982,1099,1200,1020
2014-03-20,1621,3129,1100,1205,1054
2014-03-21,1599,3036,1092,1209,1039
2014-03-24,1602,3055,1087,1207,1041
2014-03-25,1578,2993,1069,1201,1026
2014-03-26,1496,2761,1044,1180,972
2014-03-27,1412,2579,1001,1139,918
2014-03-28,1373,2557,962,1115,892
2014-03-31,1362,2573,927,1090,885
2014-04-01,1316,2505,883,1068,855
2014-04-02,1273,2418,853,1047,827
2014-04-03,1235,2343,823,1025,803
2014-04-04,1205,2306,809,1003,783
2014-04-07,1186,2293,799,982,771
2014-04-08,1098,2029,788,965,714
2014-04-09,1061,1946,781,949,690
2014-04-10,1029,1865,774,936,669
2014-04-11,1002,1789,770,927,651
2014-04-14,989,1765,765,921,643
2014-04-15,970,1724,764,916,630
2014-04-16,936,1613,778,909,608
2014-04-17,930,1591,797,908,604
2014-04-22,939,1616,813,909,610
2014-04-23,956,1674,824,911,621
2014-04-24,962,1692,836,909,625
2014-04-25,967,1696,848,912,629
2014-04-28,961,1668,852,916,625
2014-04-29,949,1613,856,922,617
2014-04-30,943,1600,854,919,613
2014-05-01,993,1716,853,915,645
2014-05-02,1017,1829,848,915,661
2014-05-06,1022,1691,848,917,664
2014-05-07,1022,1681,851,920,664
2014-05-08,1008,1613,861,918,655
2014-05-09,997,1541,879,909,648
2014-05-12,987,1483,891,905,642
2014-05-13,982,1453,912,904,638
2014-05-14,1002,1496,947,904,651
2014-05-15,1021,1546,992,901,664
2014-05-16,1027,1530,1016,899,668
2014-05-19,1022,1494,1029,896,664
2014-05-20,1010,1431,1035,891,656
2014-05-21,988,1354,1030,884,642
2014-05-22,966,1302,1003,872,628
2014-05-23,964,1358,978,866,627
2014-05-27,973,1457,948,855,632
2014-05-28,954,1405,918,846,620
2014-05-29,940,1379,884,839,611
2014-05-30,936,1395,853,830,608
2014-06-02,934,1429,828,829,607
2014-06-03,948,1545,798,829,616
2014-06-04,959,1604,770,821,623
2014-06-05,977,1689,741,811,635
2014-06-06,989,1739,712,802,643
2014-06-09,999,1846,697,797,649
2014-06-10,1004,1903,684,787,653
2014-06-11,973,1864,664,774,632
2014-06-12,939,1792,621,760,610
2014-06-13,906,1730,570,748,589
2014-06-16,886,1695,531,740,576
2014-06-17,858,1676,503,724,558
2014-06-18,867,1767,482,715,564
2014-06-19,902,1919,464,708,586
2014-06-20,904,1950,451,704,588
2014-06-23,886,1896,442,701,576
2014-06-24,867,1848,437,694,564
2014-06-25,846,1799,424,687,550
2014-06-26,824,1748,414,679,536
2014-06-27,831,1773,410,678,540
2014-06-30,850,1871,414,675,552
2014-07-01,894,2045,436,676,581
2014-07-02,890,1999,474,677,578
2014-07-03,890,1935,544,680,578
2014-07-04,893,1864,625,682,580
2014-07-07,888,1808,663,686,577
2014-07-08,881,1755,687,687,573
2014-07-09,863,1648,692,684,561
2014-07-10,836,1523,685,681,543
2014-07-11,814,1465,662,679,529
2014-07-14,798,1422,650,675,519
2014-07-15,782,1377,628,671,508
2014-07-16,755,1289,606,666,491
2014-07-17,738,1248,588,660,480
2014-07-18,732,1235,571,659,476
2014-07-21,724,1194,561,659,471
2014-07-22,723,1191,561,661,470
2014-07-23,727,1198,568,661,473
2014-07-24,732,1201,579,666,476
2014-07-25,739,1193,589,679,480
2014-07-28,743,1187,598,684,483
2014-07-29,747,1195,606,688,486
2014-07-30,754,1200,607,704,490
2014-07-31,755,1195,600,716,491
2014-08-01,751,1176,593,728,488
2014-08-04,753,1178,592,740,489
2014-08-05,755,1163,591,753,491
2014-08-06,759,1153,591,767,493
2014-08-07,765,1150,597,785,497
2014-08-08,777,1166,605,804,505
2014-08-11,792,1197,615,819,515
2014-08-12,836,1350,631,829,543
2014-08-13,871,1546,654,845,566
2014-08-14,942,1882,717,861,612
2014-08-15,1015,2151,780,877,660
2014-08-18,1042,2254,812,889,677
2014-08-19,1040,2256,814,902,676
2014-08-20,1061,2380,805,912,690
2014-08-21,1096,2578,795,925,712
2014-08-22,1088,2535,789,937,707
2014-08-26,1070,2430,785,944,696
2014-08-27,1063,2366,788,952,691
2014-08-28,1119,2551,818,963,727
2014-08-29,1147,2627,846,970,746
2014-09-01,1151,2606,862,977,748
2014-09-02,1149,2568,878,983,747
2014-09-03,1142,2489,894,988,742
2014-09-04,1147,2464,902,993,746
2014-09-05,1155,2483,906,997,751
2014-09-08,1166,2519,915,995,758
2014-09-09,1197,2596,917,1001,778
2014-09-10,1197,2602,894,1003,778
2014-09-11,1186,2570,874,1000,771
2014-09-12,1181,2546,855,1006,768
2014-09-15,1173,2523,840,1016,762
2014-09-16,1150,2442,824,1028,748
2014-09-17,1124,2342,810,1031,731
2014-09-18,1089,2192,800,1030,708
2014-09-19,1075,2112,796,1029,699
2014-09-22,1077,2118,791,1032,700
2014-09-23,1073,2077,782,1041,697
2014-09-24,1056,1967,780,1045,686
2014-09-25,1038,1837,781,1046,675
2014-09-26,1049,1852,788,1053,682
2014-09-29,1062,1922,793,1054,690
2014-09-30,1063,1915,807,1051,691
2014-10-01,1055,1853,833,1045,686
2014-10-02,1041,1788,857,1033,677
2014-10-03,1037,1758,866,1028,674
2014-10-06,1029,1735,868,1017,669
2014-10-07,1015,1698,863,1007,660
2014-10-08,991,1632,849,993,644
2014-10-09,974,1580,844,980,633
2014-10-10,963,1544,844,970,626
2014-10-13,954,1521,848,959,620
2014-10-14,948,1485,864,952,616
2014-10-15,935,1376,888,944,608
2014-10-16,930,1315,918,933,604
2014-10-17,944,1362,943,923,614
2014-10-20,973,1512,972,916,632
2014-10-21,1090,2003,1008,911,708
2014-10-22,1136,2186,1041,907,738
2014-10-23,1155,2258,1073,906,751
2014-10-24,1192,2422,1094,900,775
2014-10-27,1285,2852,1110,899,835
2014-10-28,1395,3436,1145,898,907
2014-10-29,1428,3560,1174,896,928
2014-10-30,1424,3534,1194,891,926
2014-10-31,1428,3552,1205,892,928
2014-11-03,1456,3640,1213,889,946
2014-11-04,1484,3781,1210,888,965
2014-11-05,1464,3702,1196,888,952
2014-11-06,1436,3612,1177,886,933
2014-11-07,1437,3661,1156,881,934
2014-11-10,1418,3613,1141,879,922
2014-11-11,1370,3419,1124,876,890
2014-11-12,1327,3229,1107,873,863
2014-11-13,1264,2972,1087,873,822
2014-11-14,1256,2931,1063,875,816
2014-11-17,1264,2971,1044,875,822
2014-11-18,1296,3106,1035,881,842
2014-11-19,1306,3127,1030,904,849
2014-11-20,1332,3130,1028,926,866
2014-11-21,1324,3038,1030,942,861
2014-11-24,1317,2975,1033,956,856
2014-11-25,1313,2963,1038,970,853
2014-11-26,1239,2612,1047,980,805
2014-11-27,1187,2347,1071,984,772
2014-11-28,1153,2151,1091,986,749
2014-12-01,1137,2025,1094,989,739
2014-12-02,1119,1898,1088,987,727
2014-12-03,1079,1677,1077,984,701
2014-12-04,1019,1452,1067,980,662
2014-12-05,982,1282,1058,971,638
2014-12-08,952,1165,1051,969,619
2014-12-09,933,1075,1036,966,606
2014-12-10,911,979,1018,960,592
2014-12-11,887,879,997,953,577
2014-12-12,863,763,973,950,561
2014-12-15,845,659,952,947,549
2014-12-16,838,617,934,942,545
2014-12-17,827,571,918,932,538
2014-12-18,814,517,903,925,529
2014-12-19,803,488,882,917,522
2014-12-22,794,480,866,906,516
2014-12-23,788,472,848,897,512
2014-12-24,782,474,832,887,508
2015-01-02,771,456,804,884,501
2015-01-05,761,442,789,873,495
2015-01-06,758,432,771,861,493
2015-01-07,744,397,758,843,484
2015-01-08,724,335,754,820,471
2015-01-09,709,311,743,800,461
2015-01-12,723,373,742,778,470
2015-01-13,762,537,745,763,495
2015-01-14,757,557,746,752,492
2015-01-15,749,585,746,735,487
2015-01-16,741,620,739,716,482
2015-01-19,739,662,731,699,480
2015-01-20,753,752,721,684,489
2015-01-21,770,971,706,673,500
2015-01-22,751,965,686,659,488
2015-01-23,720,887,666,650,468
2015-01-26,703,857,652,642,457
2015-01-27,688,831,631,632,447
2015-01-28,666,785,603,618,433
2015-01-29,632,725,536,599,411
2015-01-30,608,679,495,585,395
2015-02-02,590,665,467,567,384
2015-02-03,577,663,442,556,375
2015-02-04,569,669,425,545,370
2015-02-05,564,680,417,538,367
2015-02-06,559,689,418,530,363
2015-02-09,554,687,423,523,360
2015-02-10,556,711,435,516,361
2015-02-11,553,700,457,508,359
2015-02-12,540,652,477,496,351
2015-02-13,530,630,486,486,344
2015-02-16,522,614,492,480,339
2015-02-17,516,589,495,480,335
2015-02-18,509,564,501,478,331
2015-02-19,511,539,503,483,332
2015-02-20,513,542,501,490,333
2015-02-23,512,543,500,492,333
2015-02-24,516,534,502,490,335
2015-02-25,524,529,506,496,341
2015-02-26,533,525,518,506,346
2015-02-27,540,521,527,515,351
2015-03-02,548,516,538,528,356
2015-03-03,553,490,550,541,359
2015-03-04,559,478,563,550,363
2015-03-05,561,464,569,560,365
2015-03-06,565,470,574,566,367
2015-03-09,568,468,577,573,369
2015-03-10,568,457,577,580,369
2015-03-11,565,431,574,589,367
2015-03-12,560,394,573,596,364
2015-03-13,562,378,572,606,365
2015-03-16,564,372,575,611,367
2015-03-17,568,366,582,616,369
2015-03-18,571,357,590,623,371
2015-03-19,584,407,599,627,380
2015-03-20,591,423,603,635,384
2015-03-23,594,435,602,640,386
2015-03-24,597,448,595,645,388
2015-03-25,598,455,588,648,389
2015-03-26,598,456,585,648,389
2015-03-27,596,456,583,647,387
2015-03-30,599,460,585,649,389
2015-03-31,602,475,583,650,391
2015-04-01,596,463,581,646,387
2015-04-02,588,454,574,636,382
2015-04-07,583,448,569,631,379
2015-04-08,580,450,570,624,377
2015-04-09,580,461,576,617,377
2015-04-10,580,466,584,613,377
2015-04-13,578,460,593,609,376
2015-04-14,581,470,602,608,378
2015-04-15,586,494,609,608,381
2015-04-16,593,521,619,612,385
2015-04-17,597,532,624,619,388
2015-04-20,598,537,629,618,389
2015-04-21,601,549,641,619,391
2015-04-22,600,544,650,620,390
2015-04-23,599,543,661,621,389
2015-04-24,600,545,665,624,390
2015-04-27,600,546,667,626,390
2015-04-28,601,551,665,628,391
2015-04-29,595,558,653,627,387
2015-04-30,591,565,640,625,384
2015-05-01,587,574,629,621,382
2015-05-05,580,571,615,618,377
2015-05-06,575,574,601,618,374
2015-05-07,573,594,586,618,372
2015-05-08,574,616,577,618,373
2015-05-11,578,660,570,617,376
2015-05-12,599,731,567,619,389
2015-05-13,634,942,568,624,412
2015-05-14,637,972,565,626,414
2015-05-15,634,954,565,628,412
2015-05-18,630,950,564,626,410
2015-05-19,620,923,560,625,403
2015-05-20,606,889,552,623,394
2015-05-21,592,844,542,624,385
2015-05-22,586,816,535,627,381
2015-05-26,584,806,527,631,380
2015-05-27,587,823,518,635,382
2015-05-28,588,817,512,642,382
2015-05-29,589,810,511,647,383
2015-06-01,589,804,510,652,383
2015-06-02,591,805,515,653,384
2015-06-03,598,821,530,654,389
2015-06-04,603,818,555,654,392
2015-06-05,610,865,581,656,396
2015-06-08,610,856,593,655,396
2015-06-09,612,834,613,654,398
2015-06-10,618,816,644,661,402
2015-06-11,629,810,677,669,409
2015-06-12,642,820,699,678,417
2015-06-15,656,840,722,685,426
2015-06-16,681,904,751,695,443
2015-06-17,725,1045,794,706,471
2015-06-18,773,1234,823,715,502
2015-06-19,779,1241,827,721,506
2015-06-22,779,1248,821,722,506
2015-06-23,790,1300,811,721,514
2015-06-24,829,1428,806,723,539
2015-06-25,829,1432,805,723,539
2015-06-26,823,1393,810,723,535
2015-06-29,813,1346,815,722,528
2015-06-30,800,1292,821,715,520
2015-07-01,794,1251,834,713,516
2015-07-02,794,1226,858,712,516
2015-07-03,805,1249,882,716,523
2015-07-06,815,1266,900,723,530
2015-07-07,830,1285,918,742,540
2015-07-08,840,1278,945,750,546
2015-07-09,853,1279,987,759,554
2015-07-10,874,1318,1022,767,568
2015-07-13,900,1389,1045,774,585
2015-07-14,915,1394,1064,784,595
2015-07-15,951,1462,1090,801,618
2015-07-16,1009,1611,1117,823,656
2015-07-17,1048,1712,1129,846,681
2015-07-20,1067,1763,1137,862,694
2015-07-21,1113,1935,1147,875,723
2015-07-22,1118,1952,1146,889,727
2015-07-23,1102,1924,1129,896,716
2015-07-24,1086,1896,1106,899,706
2015-07-27,1090,1935,1085,903,708
2015-07-28,1094,1990,1064,903,711
2015-07-29,1104,2103,1039,898,718
2015-07-30,1100,2116,1015,892,715
2015-07-31,1131,2209,993,899,735
2015-08-03,1151,2308,977,900,748
2015-08-04,1200,2512,972,899,780
2015-08-05,1222,2604,976,901,794
2015-08-06,1201,2514,983,904,781
2015-08-07,1200,2512,991,904,780
2015-08-10,1197,2499,997,901,778
2015-08-11,1162,2367,1012,900,755
2015-08-12,1093,2107,1021,899,710
2015-08-13,1046,1875,1023,901,680
2015-08-14,1055,1884,1026,905,686
2015-08-17,1063,1913,1026,908,691
2015-08-18,1046,1838,1021,915,680
2015-08-19,1031,1773,1018,920,670
2015-08-20,1014,1679,1022,924,659
2015-08-21,994,1559,1023,930,646
2015-08-24,968,1403,1021,933,629
2015-08-25,942,1248,1016,934,612
2015-08-26,918,1089,1001,933,597
2015-08-27,905,1051,972,931,588
2015-08-28,903,1071,947,925,587
2015-09-01,911,1176,922,912,592
2015-09-02,906,1194,887,896,589
2015-09-03,891,1195,847,882,579
2015-09-04,875,1187,816,870,569
2015-09-07,876,1243,791,857,569
2015-09-08,873,1286,773,848,567
2015-09-09,855,1256,756,838,556
2015-09-10,830,1202,732,824,540
2015-09-11,818,1198,717,810,532
2015-09-14,805,1185,706,799,523
2015-09-15,802,1196,703,789,521
2015-09-16,818,1264,699,783,532
2015-09-17,883,1637,710,772,574
2015-09-18,960,1995,736,762,624
2015-09-21,978,2096,751,757,636
2015-09-22,923,1873,751,749,600
2015-09-23,917,1872,744,742,596
2015-09-24,922,1911,734,738,599
2015-09-25,943,2024,727,733,613
2015-09-28,943,2075,721,724,613
2015-09-29,926,2031,709,713,602
2015-09-30,900,1936,696,703,585
2015-10-01,888,1911,688,695,577
2015-10-02,889,1931,685,691,578
2015-10-05,881,1901,684,688,573
2015-10-06,869,1860,684,681,565
2015-10-07,841,1742,693,676,547
2015-10-08,817,1598,720,672,531
2015-10-09,809,1549,744,669,526
2015-10-12,809,1551,751,666,526
2015-10-13,804,1531,752,664,523
2015-10-14,787,1457,744,662,512
2015-10-15,766,1368,725,661,498
2015-10-16,754,1318,706,658,490
2015-10-19,747,1312,694,656,486
2015-10-20,762,1399,685,654,495
2015-10-21,780,1483,678,652,507
2015-10-22,786,1512,669,649,511
2015-10-23,774,1461,667,648,503
2015-10-26,759,1403,666,646,493
2015-10-27,739,1307,670,645,480
2015-10-28,736,1275,671,643,478
2015-10-29,728,1254,666,633,473
2015-10-30,721,1229,658,629,469
2015-11-02,706,1184,649,620,459
2015-11-03,680,1099,637,609,442
2015-11-04,657,1043,620,596,427
2015-11-05,640,1002,602,584,416
2015-11-06,631,1003,588,571,410
2015-11-09,628,1021,574,562,408
2015-11-10,622,1018,560,554,404
2015-11-11,599,946,541,543,389
2015-11-12,579,881,521,533,376
2015-11-13,560,809,501,523,364
2015-11-16,550,770,487,516,358
2015-11-17,537,733,475,504,349
2015-11-18,519,671,465,491,337
2015-11-19,504,619,456,479,328
2015-11-20,498,606,451,472,324
2015-11-23,516,698,449,469,335
2015-11-24,528,731,449,467,343
2015-11-25,546,807,451,467,355
2015-11-26,562,898,447,467,365
2015-11-27,581,989,444,467,378
2015-11-30,584,1007,442,469,380
2015-12-01,598,1046,439,471,389
2015-12-02,590,1001,435,472,384
2015-12-03,574,931,427,470,373
2015-12-04,563,890,422,469,366
2015-12-07,551,852,415,465,358
2015-12-08,551,870,410,461,358
2015-12-09,546,857,402,460,355
2015-12-10,534,824,397,455,347
2015-12-11,522,779,399,451,339
2015-12-14,508,722,399,450,330
2015-12-15,484,623,401,449,315
2015-12-16,471,549,405,448,306
2015-12-17,471,524,410,448,306
2015-12-18,477,524,416,449,310
2015-12-21,478,512,422,449,311
2015-12-22,474,485,433,449,308
2015-12-23,475,469,445,450,309
2015-12-24,478,470,450,450,311
2016-01-04,473,472,452,449,307
2016-01-05,468,462,454,445,304
2016-01-06,467,467,452,442,304
2016-01-07,445,399,438,436,289
2016-01-08,429,343,423,430,279
2016-01-11,415,314,410,422,270
2016-01-12,402,266,401,416,261
2016-01-13,394,245,389,412,256
2016-01-14,383,225,378,402,249
2016-01-15,373,198,372,394,242
2016-01-18,369,197,366,388,240
2016-01-19,363,185,360,381,236
2016-01-20,358,186,351,372,233
2016-01-21,355,206,337,366,231
2016-01-22,354,229,326,358,230
2016-01-25,354,254,317,350,230
2016-01-26,345,242,305,338,224
2016-01-27,337,235,296,327,219
2016-01-28,325,216,286,316,211
2016-01-29,317,211,280,304,206
2016-02-01,314,215,276,299,204
2016-02-02,310,217,276,289,202
2016-02-03,303,209,277,280,197
2016-02-04,298,208,282,271,194
2016-02-05,297,212,288,262,193
2016-02-08,293,207,291,255,190
2016-02-09,291,207,291,250,189
2016-02-10,290,208,295,247,188
2016-02-11,290,206,305,244,188
2016-02-12,291,199,317,243,189
2016-02-15,295,204,326,247,192
2016-02-16,301,223,338,252,196
2016-02-17,307,223,349,259,200
2016-02-18,313,220,350,270,203
2016-02-19,315,207,347,286,205
2016-02-22,316,197,343,298,205
2016-02-23,318,189,339,310,207
2016-02-24,322,186,339,321,209
2016-02-25,325,182,339,328,211
2016-02-26,327,177,344,333,213
2016-02-29,329,174,347,339,214
2016-03-01,332,174,350,345,216
2016-03-02,335,171,356,350,218
2016-03-03,342,166,366,363,222
2016-03-04,349,164,378,371,227
2016-03-07,354,161,389,377,230
2016-03-08,366,180,414,386,238
2016-03-09,376,178,438,399,244
2016-03-10,384,178,456,412,250
2016-03-11,388,176,467,420,252
2016-03-14,393,179,471,427,255
2016-03-15,396,186,471,432,257
2016-03-16,393,172,464,439,255
2016-03-17,392,178,457,445,255
2016-03-18,395,197,453,449,257
2016-03-21,398,197,449,460,259
2016-03-22,398,186,444,464,259
2016-03-23,401,196,448,468,261
2016-03-24,406,203,455,473,264
2016-03-29,409,207,460,474,266
2016-03-30,414,210,472,475,269
2016-03-31,429,270,489,476,279
2016-04-01,450,345,521,476,292
2016-04-04,471,424,548,479,306
2016-04-05,487,466,580,479,317
2016-04-06,500,477,602,482,325
2016-04-07,517,562,610,485,336
2016-04-08,539,656,626,488,350
2016-04-11,555,733,636,492,361
2016-04-12,560,744,647,498,364
2016-04-13,567,744,659,506,369
2016-04-14,597,831,680,514,388
2016-04-15,635,949,707,525,413
2016-04-18,659,1030,719,529,428
2016-04-19,671,1065,725,534,436
2016-04-20,669,1022,725,543,435
2016-04-21,670,1004,722,551,436
2016-04-22,688,1085,716,558,447
2016-04-25,690,1087,707,562,448
2016-04-26,704,1135,699,564,458
2016-04-27,715,1160,685,573,465
2016-04-28,710,1137,666,578,462
2016-04-29,703,1117,650,582,457
2016-05-03,682,1055,623,583,443
2016-05-04,652,954,605,583,424
2016-05-05,642,915,591,582,417
2016-05-06,631,892,576,578,410
2016-05-09,616,837,570,575,400
2016-05-10,594,752,567,567,386
2016-05-11,579,713,568,560,376
2016-05-12,579,724,574,555,376
2016-05-13,600,798,581,553,390
2016-05-16,613,854,583,552,398
2016-05-17,643,988,589,552,418
2016-05-18,642,954,596,553,417
2016-05-19,634,906,601,558,412
2016-05-20,625,870,599,562,406
2016-05-23,624,870,596,565,406
2016-05-24,618,848,592,568,402
2016-05-25,605,799,581,571,393
2016-05-26,601,793,571,575,391
2016-05-27,606,830,567,579,394
2016-05-31,612,854,560,580,398
2016-06-01,612,861,554,578,398
2016-06-02,606,854,546,575,394
2016-06-03,610,913,536,574,396
2016-06-06,607,922,530,570,395
2016-06-07,606,920,528,567,394
2016-06-08,610,973,526,564,396
2016-06-09,611,995,529,560,397
2016-06-10,610,1006,529,557,396
2016-06-13,609,1014,528,554,396
2016-06-14,608,1018,529,552,395
2016-06-15,604,1000,531,552,393
2016-06-16,598,976,531,554,389
2016-06-17,587,927,532,555,382
2016-06-20,582,897,532,559,378
2016-06-21,580,873,534,563,377
2016-06-22,585,878,542,570,380
2016-06-23,596,897,555,577,387
2016-06-24,609,913,571,583,396
2016-06-27,616,919,587,587,400
2016-06-28,627,936,603,593,408
2016-06-29,640,955,618,606,416
2016-06-30,660,996,646,619,429
2016-07-01,677,1030,674,627,440
2016-07-04,688,1049,693,633,447
2016-07-05,692,1034,717,637,450
2016-07-06,694,1019,736,639,451
2016-07-07,699,1008,760,644,454
2016-07-08,703,1002,772,647,457
2016-07-11,704,991,779,651,458
2016-07-12,711,987,789,666,462
2016-07-13,726,1010,798,679,472
2016-07-14,738,1020,820,686,480
2016-07-15,745,1023,841,693,484
2016-07-18,748,1016,852,697,486
2016-07-19,746,986,857,700,485
2016-07-20,736,937,850,702,478
2016-07-21,726,906,829,701,472
2016-07-22,718,895,807,698,467
2016-07-25,709,877,787,697,461
2016-07-26,696,841,765,690,452
2016-07-27,679,803,734,684,441
2016-07-28,665,780,702,676,432
2016-07-29,656,768,675,671,426
2016-08-01,650,757,657,667,422
2016-08-02,645,757,642,663,419
2016-08-03,641,758,633,660,417
2016-08-04,636,759,626,654,413
2016-08-05,636,770,625,647,413
2016-08-08,636,777,623,645,413
2016-08-09,631,770,627,642,410
2016-08-10,638,795,643,639,415
2016-08-11,653,833,670,640,424
2016-08-12,671,891,686,643,436
2016-08-15,681,920,695,646,443
2016-08-16,687,926,703,652,447
2016-08-17,685,885,708,666,445
2016-08-18,682,852,710,677,443
2016-08-19,683,843,709,686,444
2016-08-22,687,848,703,694,447
2016-08-23,692,861,696,702,450
2016-08-24,706,910,689,706,459
2016-08-25,718,974,683,712,467
2016-08-26,720,1001,671,715,468
2016-08-30,715,986,658,719,465
2016-08-31,711,978,645,721,462
2016-09-01,712,1002,637,723,463
2016-09-02,720,1054,629,721,468
2016-09-05,724,1079,625,718,471
2016-09-06,745,1182,627,714,484
2016-09-07,773,1371,634,702,502
2016-09-08,792,1478,641,694,515
2016-09-09,804,1566,644,688,523
2016-09-12,804,1581,645,681,523
2016-09-13,796,1607,642,671,517
2016-09-14,756,1444,635,665,491
2016-09-15,764,1487,631,661,497
2016-09-16,800,1680,632,660,520
2016-09-19,836,1853,635,661,543
2016-09-20,865,1964,642,660,562
2016-09-21,903,2118,658,662,587
2016-09-22,937,2389,684,668,609
2016-09-23,941,2383,706,671,612
2016-09-26,934,2325,723,673,607
2016-09-27,930,2298,733,674,604
2016-09-28,912,2196,734,676,593
2016-09-29,888,2067,724,676,577
2016-09-30,875,2008,709,679,569
2016-10-03,864,1971,697,681,562
2016-10-04,860,1970,689,681,559
2016-10-05,869,2012,683,680,565
2016-10-06,915,2218,688,678,595
2016-10-07,921,2245,700,677,599
2016-10-10,922,2235,712,677,599
2016-10-11,922,2235,728,676,599
2016-10-12,906,2154,746,674,589
2016-10-13,885,2018,772,673,575
2016-10-14,892,2018,800,674,580
2016-10-17,894,2003,819,676,581
2016-10-18,890,1950,840,678,578
2016-10-19,872,1826,864,682,567
2016-10-20,849,1637,883,691,552
2016-10-21,842,1575,893,700,547
2016-10-24,831,1471,901,705,540
2016-10-25,813,1348,903,710,528
2016-10-26,802,1275,902,714,521
2016-10-27,798,1248,899,719,519
2016-10-28,834,1417,891,722,542
2016-10-31,857,1534,883,722,557
2016-11-01,838,1443,873,721,545
2016-11-02,834,1451,863,718,542
2016-11-03,849,1544,864,718,552
2016-11-04,855,1593,863,716,556
2016-11-07,870,1636,867,712,566
2016-11-08,911,1786,881,708,592
2016-11-09,954,1954,904,703,620
2016-11-10,974,2010,931,703,633
2016-11-11,1045,2303,985,705,679
2016-11-14,1065,2338,1030,707,692
2016-11-15,1084,2282,1131,713,705
2016-11-16,1145,2441,1229,722,744
2016-11-17,1231,2731,1316,748,800
2016-11-18,1257,2752,1350,809,817
2016-11-21,1240,2638,1349,835,806
2016-11-22,1232,2598,1344,852,801
2016-11-23,1224,2507,1350,874,796
2016-11-24,1201,2374,1348,897,781
2016-11-25,1181,2263,1352,908,768
2016-11-28,1184,2260,1363,904,770
2016-11-29,1202,2304,1385,908,781
2016-11-30,1204,2263,1425,912,783
2016-12-01,1196,2206,1445,917,777
2016-12-02,1198,2193,1467,921,779
2016-12-05,1196,2137,1499,929,777
2016-12-06,1186,2067,1521,934,771
2016-12-07,1162,1935,1522,941,755
2016-12-08,1122,1724,1504,957,729
2016-12-09,1090,1575,1466,966,708
2016-12-12,1069,1464,1428,968,695
2016-12-13,1052,1404,1380,972,684
2016-12-14,1003,1169,1296,975,652
2016-12-15,966,1058,1200,968,628
2016-12-16,946,1048,1097,960,615
2016-12-19,927,1039,1011,953,603
2016-12-20,914,1044,951,941,594
2016-12-21,926,1144,884,926,602
2016-12-22,928,1219,846,914,603
2016-12-23,961,1385,832,903,625
2017-01-03,953,1538,792,843,619
2017-01-04,969,1674,788,820,630
2017-01-05,983,1759,816,795,639
2017-01-06,963,1658,869,783,626
2017-01-09,949,1598,902,772,617
2017-01-10,926,1470,948,766,602
2017-01-11,894,1326,994,758,581
2017-01-12,892,1294,1010,748,580
2017-01-13,910,1383,1014,739,592
2017-01-16,925,1468,1011,733,601
2017-01-17,922,1509,992,730,599
2017-01-18,952,1673,972,725,619
2017-01-19,942,1665,955,722,612
2017-01-20,925,1610,944,718,601
2017-01-23,914,1579,937,714,594
2017-01-24,886,1466,939,708,576
2017-01-25,862,1369,946,702,560
2017-01-26,840,1287,947,696,546
2017-01-27,827,1239,943,692,538
2017-01-30,816,1205,939,688,530
2017-01-31,800,1167,926,679,520
2017-02-01,786,1122,909,674,511
2017-02-02,770,1064,903,670,500
2017-02-03,752,981,899,667,489
2017-02-06,735,911,900,665,478
2017-02-07,714,803,908,663,464
2017-02-08,702,725,912,665,456
2017-02-09,707,728,918,668,460
2017-02-10,702,687,921,672,456
2017-02-13,688,609,922,676,447
2017-02-14,685,567,918,681,445
2017-02-15,688,556,912,689,447
2017-02-16,710,620,903,707,462
2017-02-17,741,739,897,729,482
2017-02-20,757,791,890,747,492
2017-02-21,778,856,888,764,506
2017-02-22,806,951,890,783,524
2017-02-23,856,1134,908,797,556
2017-02-24,875,1165,928,809,569
2017-02-27,878,1151,946,817,571
2017-02-28,859,1021,975,825,558
2017-03-01,871,994,1020,833,566
2017-03-02,904,1097,1062,840,588
2017-03-03,939,1227,1095,846,610
2017-03-06,979,1345,1131,852,636
2017-03-07,1033,1556,1170,861,671
2017-03-08,1045,1578,1195,868,679
2017-03-09,1064,1678,1195,872,692
2017-03-10,1086,1789,1186,874,706
2017-03-13,1099,1843,1183,875,714
2017-03-14,1112,1929,1162,877,723
2017-03-15,1147,2136,1128,877,746
2017-03-16,1172,2265,1107,877,762
2017-03-17,1196,2413,1087,879,777
2017-03-20,1205,2466,1082,884,783
2017-03-21,1200,2441,1080,886,780
2017-03-22,1190,2378,1097,888,774
2017-03-23,1196,2345,1147,892,777
2017-03-24,1240,2482,1193,896,806
2017-03-27,1282,2620,1228,895,833
2017-03-28,1333,2765,1279,893,866
2017-03-29,1338,2755,1318,885,870
2017-03-30,1324,2690,1337,882,861
2017-03-31,1297,2597,1345,881,843
2017-04-03,1282,2518,1349,882,833
2017-04-04,1255,2382,1348,881,816
2017-04-05,1223,2229,1342,880,795
2017-04-06,1215,2184,1356,882,790
2017-04-07,1223,2173,1395,886,795
2017-04-10,1231,2165,1433,888,800
2017-04-11,1262,2227,1498,891,820
2017-04-12,1282,2252,1546,893,833
2017-04-13,1296,2249,1574,899,842
2017-04-17,1294,2220,1584,898,841
2017-04-19,1278,2130,1575,900,831
2017-04-20,1243,1991,1518,899,808
2017-04-21,1195,1830,1461,895,777
2017-04-24,1170,1780,1399,892,760
2017-04-25,1154,1767,1343,887,750
2017-04-26,1147,1790,1293,881,746
2017-04-27,1134,1798,1235,870,737
2017-04-28,1109,1779,1164,861,721
2017-05-02,1073,1668,1117,849,697
2017-05-03,1034,1542,1074,835,672
2017-05-04,1004,1458,1028,822,653
2017-05-05,994,1480,1003,811,646
2017-05-08,1001,1571,989,799,651
2017-05-09,1007,1635,988,794,655
2017-05-10,1005,1645,991,790,653
2017-05-11,1012,1695,987,787,658
2017-05-12,1014,1725,973,784,659
2017-05-15,994,1661,960,782,646
2017-05-16,980,1632,938,778,637
2017-05-17,960,1590,908,771,624
2017-05-18,957,1638,877,764,622
2017-05-19,956,1668,854,759,621
2017-05-22,954,1704,838,753,620
2017-05-23,949,1706,834,746,617
2017-05-24,934,1654,832,737,607
2017-05-25,918,1595,832,728,597
2017-05-26,912,1591,829,721,593
2017-05-30,900,1564,825,712,585
2017-05-31,878,1511,812,698,571
2017-06-01,850,1430,793,685,552
2017-06-02,830,1374,775,674,540
2017-06-05,821,1353,773,666,534
2017-06-06,818,1366,767,658,532
2017-06-07,821,1379,766,652,534
2017-06-08,824,1381,776,649,536
2017-06-09,849,1438,795,654,552
2017-06-12,870,1481,815,658,566
2017-06-13,870,1442,845,665,566
2017-06-14,865,1362,883,679,562
2017-06-15,855,1277,917,690,556
2017-06-16,851,1213,942,701,553
2017-06-19,848,1169,962,708,551
2017-06-20,847,1110,994,717,551
2017-06-21,844,1020,1045,724,549
2017-06-22,855,993,1084,734,556
2017-06-23,870,987,1111,744,566
2017-06-26,884,1005,1119,750,575
2017-06-27,903,1066,1125,757,587
2017-06-28,929,1170,1123,761,604
2017-06-29,920,1146,1094,758,598
2017-06-30,901,1086,1067,754,586
2017-07-03,882,1032,1044,751,573
2017-07-04,871,997,1038,747,566
2017-07-05,847,901,1036,742,551
2017-07-06,829,818,1040,735,539
2017-07-07,822,753,1039,732,534
2017-07-10,820,730,1039,729,533
2017-07-11,830,755,1046,733,540
2017-07-12,859,846,1074,744,558
2017-07-13,888,928,1116,758,577
2017-07-14,900,933,1146,769,585
2017-07-17,912,933,1175,776,593
2017-07-18,932,984,1198,786,606
2017-07-19,948,1028,1223,798,616
2017-07-20,964,1093,1231,807,627
2017-07-21,977,1154,1229,812,635
2017-07-24,977,1171,1219,814,635
2017-07-25,980,1221,1196,813,637
2017-07-26,968,1206,1165,807,629
2017-07-27,942,1138,1119,798,612
2017-07-28,933,1139,1083,789,606
2017-07-31,946,1225,1069,783,615
2017-08-01,964,1331,1072,779,627
2017-08-02,993,1475,1092,772,645
2017-08-03,1023,1602,1117,767,665
2017-08-04,1032,1637,1126,764,671
2017-08-07,1036,1655,1131,762,673
2017-08-08,1038,1659,1142,759,675
2017-08-09,1050,1702,1164,756,682
2017-08-10,1092,1837,1199,756,710
2017-08-11,1138,2013,1226,759,740
2017-08-14,1155,2093,1242,760,751
2017-08-15,1169,2155,1260,765,760
2017-08-16,1207,2324,1280,776,785
2017-08-17,1247,2542,1305,791,811
2017-08-18,1260,2574,1315,806,819
2017-08-21,1266,2584,1319,817,823
2017-08-22,1249,2489,1314,824,812
2017-08-23,1222,2382,1282,833,794
2017-08-24,1200,2333,1232,840,780
2017-08-25,1209,2406,1208,845,786
2017-08-29,1203,2381,1189,848,782
2017-08-30,1181,2282,1170,851,768
2017-08-31,1184,2293,1163,853,770
2017-09-01,1183,2264,1172,856,769
2017-09-04,1187,2243,1201,860,772
2017-09-05,1215,2313,1248,863,790
2017-09-06,1250,2438,1286,868,812
2017-09-07,1296,2614,1322,875,842
2017-09-08,1332,2767,1346,888,866
2017-09-11,1355,2813,1365,898,881
2017-09-12,1344,2724,1400,908,874
2017-09-13,1337,2628,1433,923,869
2017-09-14,1361,2642,1469,950,885
2017-09-15,1385,2685,1491,977,900
2017-09-18,1398,2681,1498,997,909
2017-09-19,1415,2723,1505,1017,920
2017-09-20,1449,2861,1501,1033,942
2017-09-21,1470,2948,1484,1050,956
2017-09-22,1502,3147,1464,1061,976
2017-09-25,1503,3173,1445,1068,977
2017-09-26,1476,3101,1418,1065,959
2017-09-27,1429,2942,1378,1054,929
2017-09-28,1391,2824,1325,1041,904
2017-09-29,1356,2738,1282,1021,881
2017-10-02,1328,2671,1243,1006,863
2017-10-03,1308,2618,1222,984,850
2017-10-04,1320,2667,1250,968,858
2017-10-05,1382,2888,1318,965,898
2017-10-06,1405,2929,1378,971,913
2017-10-09,1411,2906,1409,978,917
2017-10-10,1418,2894,1435,996,922
2017-10-11,1433,2882,1474,1020,931
2017-10-12,1458,2859,1525,1050,948
2017-10-13,1485,2871,1574,1069,965
2017-10-16,1523,2980,1604,1082,990
2017-10-17,1552,3079,1618,1094,1009
2017-10-18,1566,3134,1613,1105,1018
2017-10-19,1582,3136,1616,1116,1028
2017-10-20,1578,3145,1613,1126,1026
2017-10-23,1586,3187,1612,1128,1031
2017-10-24,1588,3202,1596,1130,1032
2017-10-25,1573,3202,1563,1129,1022
2017-10-26,1555,3182,1525,1117,1011
2017-10-27,1546,3220,1489,1100,1005
2017-10-30,1534,3217,1471,1081,997
2017-10-31,1522,3219,1464,1060,989
2017-11-01,1496,3137,1474,1043,972
2017-11-02,1482,3059,1508,1027,963
2017-11-03,1476,3036,1530,1014,959
2017-11-06,1473,3044,1535,1001,957
2017-11-07,1477,3101,1525,988,960
2017-11-08,1486,3259,1483,961,966
2017-11-09,1481,3349,1437,936,963
2017-11-10,1464,3360,1387,912,952
2017-11-13,1445,3351,1357,888,939
2017-11-14,1405,3209,1317,872,913
2017-11-15,1374,3108,1291,858,893
2017-11-16,1361,3084,1269,849,885
2017-11-17,1371,3153,1256,845,891
2017-11-20,1385,3214,1252,850,900
2017-11-21,1396,3255,1247,856,907
2017-11-22,1413,3298,1253,875,918
2017-11-23,1445,3420,1255,899,939
2017-11-24,1458,3453,1266,914,948
2017-11-27,1477,3540,1271,923,960
2017-11-28,1506,3659,1290,929,979
2017-11-29,1536,3740,1337,936,998
2017-11-30,1578,3848,1400,941,1026
2017-12-01,1626,4025,1460,944,1057
2017-12-04,1662,4129,1522,944,1080
2017-12-05,1666,4115,1534,944,1083
2017-12-06,1670,4126,1526,945,1086
2017-12-07,1679,4147,1527,944,1091
2017-12-08,1702,4193,1550,943,1106
2017-12-11,1727,4272,1584,939,1123
2017-12-12,1743,4293,1631,942,1133
2017-12-13,1730,4211,1676,943,1124
2017-12-14,1668,3936,1672,944,1084
2017-12-15,1619,3777,1637,942,1052
2017-12-18,1588,3656,1604,943,1032
2017-12-19,1547,3510,1555,938,1006
2017-12-20,1467,3216,1510,933,954
2017-12-21,1430,3115,1413,925,930
2017-12-22,1366,2830,1364,914,888
2018-01-02,1230,2281,1311,901,800
2018-01-03,1262,2426,1303,894,820
2018-01-04,1341,2715,1335,884,872
2018-01-05,1371,2791,1369,884,891
2018-01-08,1385,2826,1392,886,900
2018-01-09,1395,2820,1396,889,907
2018-01-10,1366,2677,1373,898,888
2018-01-11,1303,2384,1341,902,847
2018-01-12,1279,2296,1319,907,831
2018-01-15,1264,2231,1311,908,822
2018-01-16,1221,2010,1300,910,794
2018-01-17,1164,1743,1288,910,757
2018-01-18,1139,1611,1283,910,740
2018-01-19,1125,1493,1304,911,731
2018-01-22,1129,1445,1332,913,734
2018-01-23,1157,1525,1373,911,752
2018-01-24,1200,1676,1423,908,780
2018-01-25,1217,1752,1448,904,791
2018-01-26,1219,1772,1458,900,792
2018-01-29,1214,1784,1451,895,789
2018-01-30,1191,1748,1417,889,774
2018-01-31,1152,1613,1379,884,749
2018-02-01,1114,1528,1347,877,724
2018-02-02,1095,1470,1329,872,712
2018-02-05,1082,1433,1310,865,703
2018-02-06,1095,1519,1287,857,712
2018-02-07,1097,1578,1265,844,713
2018-02-08,1106,1662,1236,833,719
2018-02-09,1125,1790,1223,825,731
2018-02-12,1123,1824,1210,819,730
2018-02-13,1114,1793,1202,817,724
2018-02-14,1095,1721,1205,823,712
2018-02-15,1089,1663,1225,832,708
2018-02-16,1084,1608,1246,837,705
2018-02-19,1087,1597,1266,840,707
2018-02-20,1117,1678,1305,847,726
2018-02-21,1146,1717,1358,856,745
2018-02-22,1167,1725,1406,871,759
2018-02-23,1185,1722,1448,892,770
2018-02-26,1191,1680,1470,919,774
2018-02-27,1188,1595,1480,948,772
2018-02-28,1192,1560,1480,973,775
2018-03-01,1196,1568,1472,992,777
2018-03-02,1207,1592,1468,1004,785
2018-03-05,1210,1597,1470,1006,786
2018-03-06,1212,1587,1496,1013,788
2018-03-07,1191,1495,1520,1020,774
2018-03-08,1197,1489,1556,1026,778
2018-03-09,1201,1479,1580,1032,781
2018-03-12,1192,1425,1590,1040,775
2018-03-13,1179,1362,1588,1049,766
2018-03-14,1169,1312,1589,1061,760
2018-03-15,1150,1238,1585,1077,748
2018-03-16,1143,1203,1585,1091,743
2018-03-19,1136,1171,1587,1099,738
2018-03-20,1122,1112,1581,1109,729
2018-03-21,1117,1109,1573,1117,726
2018-03-22,1117,1129,1561,1122,726
2018-03-23,1122,1157,1555,1121,729
2018-03-26,1126,1197,1543,1116,732
2018-03-27,1117,1191,1521,1106,726
2018-03-28,1080,1065,1490,1093,702
2018-03-29,1055,1010,1465,1080,686
2018-04-03,1016,924,1425,1067,660
2018-04-04,977,841,1369,1056,635
2018-04-05,953,809,1316,1042,619
2018-04-06,948,824,1290,1032,616
2018-04-09,952,854,1288,1024,619
2018-04-10,974,930,1292,1016,633
2018-04-11,979,940,1298,1014,636
2018-04-12,993,982,1308,1014,645
2018-04-13,1014,1038,1323,1013,659
2018-04-16,1025,1061,1331,1016,666
2018-04-17,1052,1152,1325,1018,684
2018-04-18,1124,1402,1301,1022,731
2018-04-19,1201,1668,1279,1022,781
2018-04-20,1281,1915,1262,1025,833
2018-04-23,1306,2009,1254,1027,849
2018-04-24,1330,2130,1243,1030,864
2018-04-25,1376,2314,1238,1037,894
2018-04-26,1375,2306,1246,1040,894
2018-04-27,1361,2251,1250,1042,885
2018-04-30,1341,2173,1251,1045,872
2018-05-01,1327,2136,1247,1043,863
2018-05-02,1346,2197,1247,1043,875
2018-05-03,1376,2308,1242,1047,894
2018-05-04,1384,2337,1241,1050,900
2018-05-08,1432,2482,1234,1051,931
2018-05-09,1465,2616,1230,1048,952
2018-05-10,1453,2565,1224,1052,944
2018-05-11,1472,2630,1224,1053,957
2018-05-14,1476,2635,1219,1055,959
2018-05-15,1468,2602,1216,1053,954
2018-05-16,1403,2407,1217,1056,912
2018-05-17,1305,2106,1219,1064,848
2018-05-18,1273,2053,1221,1069,827
2018-05-21,1239,1957,1222,1071,805
2018-05-22,1199,1854,1218,1074,779
2018-05-23,1162,1759,1202,1074,755
2018-05-24,1109,1551,1182,1074,721
2018-05-25,1077,1395,1167,1071,700
2018-05-29,1057,1324,1143,1068,687
2018-05-30,1042,1276,1130,1064,677
2018-05-31,1090,1401,1140,1063,708
2018-06-01,1156,1602,1171,1061,751
2018-06-04,1193,1712,1195,1061,775
2018-06-05,1249,1835,1227,1065,812
2018-06-06,1340,2088,1266,1065,871
2018-06-07,1395,2220,1318,1072,907
2018-06-08,1391,2151,1388,1075,904
2018-06-11,1387,2091,1420,1078,902
2018-06-12,1390,2068,1443,1084,904
2018-06-13,1404,2091,1457,1088,913
2018-06-14,1433,2184,1467,1089,931
2018-06-15,1445,2223,1464,1091,939
2018-06-18,1442,2228,1453,1092,937
2018-06-19,1419,2187,1429,1093,922
2018-06-20,1373,2090,1391,1094,892
2018-06-21,1347,2038,1355,1094,876
2018-06-22,1341,2011,1329,1092,872
2018-06-25,1333,2001,1314,1085,866
2018-06-26,1323,1986,1295,1078,860
2018-06-27,1309,1942,1298,1067,851
2018-06-28,1329,2025,1304,1055,864
2018-06-29,1385,2170,1310,1042,900
2018-07-02,1422,2304,1311,1034,924
2018-07-03,1476,2478,1309,1025,959
2018-07-04,1567,2743,1307,1017,1019
2018-07-05,1612,3013,1312,1005,1048
2018-07-06,1622,3086,1320,999,1054
2018-07-09,1609,3016,1338,997,1046
2018-07-10,1555,2792,1399,994,1011
2018-07-11,1586,2793,1463,992,1031
2018-07-12,1632,3041,1482,994,1061
2018-07-13,1666,3156,1492,995,1083
2018-07-16,1695,3238,1493,998,1102
2018-07-17,1721,3335,1494,1003,1119
2018-07-18,1688,3230,1493,1008,1097
2018-07-19,1657,3130,1501,1016,1077
2018-07-20,1689,3205,1519,1023,1098
2018-07-23,1718,3304,1528,1028,1117
2018-07-24,1774,3461,1543,1030,1153
2018-07-25,1772,3462,1549,1033,1152
2018-07-26,1708,3303,1543,1034,1110
2018-07-27,1676,3197,1548,1035,1089
2018-07-30,1703,3280,1547,1035,1107
2018-07-31,1747,3471,1531,1035,1136
2018-08-01,1760,3515,1501,1036,1144
2018-08-02,1756,3534,1455,1032,1141
2018-08-03,1773,3632,1411,1030,1152
2018-08-06,1773,3654,1386,1030,1152
2018-08-07,1732,3550,1353,1032,1126
2018-08-08,1704,3483,1333,1035,1108
2018-08-09,1694,3472,1317,1036,1101
2018-08-10,1691,3480,1308,1039,1099
2018-08-13,1709,3536,1308,1040,1111
2018-08-14,1725,3587,1331,1042,1121
2018-08-15,1727,3560,1372,1045,1123
2018-08-16,1720,3476,1414,1050,1118
2018-08-17,1723,3454,1451,1056,1120
2018-08-20,1727,3424,1471,1062,1123
2018-08-21,1736,3426,1495,1069,1128
2018-08-22,1735,3371,1524,1078,1128
2018-08-23,1709,3232,1570,1087,1111
2018-08-24,1697,3164,1592,1095,1103
2018-08-28,1684,3088,1604,1110,1095
2018-08-29,1661,2994,1601,1121,1080
2018-08-30,1614,2826,1570,1128,1049
2018-08-31,1579,2732,1534,1132,1026
2018-09-03,1557,2672,1505,1133,1012
2018-09-04,1513,2535,1481,1135,983
2018-09-05,1477,2410,1469,1135,960
2018-09-06,1484,2424,1482,1135,965
2018-09-07,1490,2411,1494,1134,968
2018-09-10,1482,2363,1510,1136,963
2018-09-11,1439,2191,1521,1135,935
2018-09-12,1411,2074,1516,1134,917
2018-09-13,1382,1980,1501,1132,898
2018-09-14,1366,1900,1490,1134,888
2018-09-17,1357,1853,1486,1138,882
2018-09-18,1356,1826,1494,1151,881
2018-09-19,1373,1850,1498,1159,892
2018-09-20,1396,1838,1524,1169,907
2018-09-21,1413,1840,1553,1175,918
2018-09-24,1434,1864,1575,1185,932
2018-09-25,1450,1868,1604,1190,942
2018-09-26,1503,1910,1641,1194,977
2018-09-27,1524,1949,1653,1195,991
2018-09-28,1540,2000,1658,1194,1001
2018-10-01,1555,2061,1656,1193,1011
2018-10-02,1570,2148,1642,1189,1020
2018-10-03,1574,2199,1643,1190,1023
2018-10-04,1554,2148,1669,1192,1010
2018-10-05,1536,2081,1689,1197,998
2018-10-08,1530,2042,1711,1201,994
2018-10-09,1503,1961,1709,1203,977
2018-10-10,1493,1949,1711,1205,970
2018-10-11,1515,2005,1724,1207,985
2018-10-12,1579,2169,1735,1204,1026
2018-10-15,1584,2189,1739,1200,1030
2018-10-16,1578,2164,1752,1196,1026
2018-10-17,1554,2106,1754,1192,1010
2018-10-18,1565,2176,1747,1181,1017
2018-10-19,1576,2230,1734,1170,1024
2018-10-22,1579,2296,15660,1163,1026
2018-10-23,1577,2363,15254,1156,1025
2018-10-24,1546,2388,14894,1144,1005
2018-10-25,1516,2353,14460,1132,985
2018-10-26,1519,2526,14161,1117,987
2018-10-29,1522,2607,13918,1106,989
2018-10-30,1513,2630,13765,1087,983
2018-10-31,1490,2596,13745,1073,968
2018-11-01,1470,2530,13800,1061,956
2018-11-02,1457,2502,13865,1051,947
2018-11-05,1428,2397,13881,1041,928
2018-11-06,1395,2296,13825,1033,907
2018-11-07,1304,1968,13629,1021,848
2018-11-08,1231,1747,13483,1013,800
2018-11-09,1147,1461,13418,1003,746
2018-11-12,1125,1398,13384,994,731
2018-11-13,1064,1153,13348,986,692
2018-11-14,1009,940,13219,982,656
2018-11-15,1020,1007,13003,970,663
2018-11-16,1031,1057,12731,969,670
2018-11-19,1023,1050,12549,964,665
2018-11-20,1003,1002,12350,963,652
2018-11-21,1008,1056,12180,959,655
2018-11-22,1018,1089,12051,956,662
2018-11-23,1093,1358,12055,952,710
2018-11-26,1217,1789,12139,947,791
2018-11-27,1339,2170,12368,943,870
2018-11-28,1330,2121,12569,942,864
2018-11-29,1281,1950,12648,945,833
2018-11-30,1231,1755,12682,944,800
2018-12-03,1203,1638,12736,945,782
2018-12-04,1237,1739,12774,949,804
2018-12-05,1296,1925,12762,950,842
2018-12-06,1339,2080,12737,951,870
2018-12-07,1372,2197,12697,953,892
2018-12-10,1385,2244,12650,955,900
2018-12-11,1364,2183,12604,958,887
2018-12-12,1353,2153,12577,963,879
2018-12-13,1365,2180,1423,968,887
2018-12-14,1401,2383,1442,974,911
2018-12-17,1406,2433,1454,978,914
2018-12-18,1395,2393,1458,977,907
2018-12-19,1378,2264,1457,979,896
2018-12-20,1318,2071,1438,979,857
2018-12-21,1279,1913,1404,977,831
2018-12-24,1271,1905,1389,975,826
2019-01-02,1282,1987,1331,967,1455
2019-01-03,1267,1963,1310,958,1430
2019-01-04,1260,2003,1284,946,1412
2019-01-07,1247,2016,1258,933,1390
2019-01-08,1262,2117,1223,918,1375
2019-01-09,1238,2078,1186,893,1356
2019-01-10,1189,1987,1144,870,1333
2019-01-11,1169,1966,1112,842,1306
2019-01-14,1147,1952,1091,814,1280
2019-01-15,1096,1831,1082,785,1254
2019-01-16,1055,1748,1062,755,1218
2019-01-17,1077,1868,1031,729,1182
2019-01-18,1112,2037,1002,701,1150
2019-01-21,1092,2024,975,680,1132
2019-01-22,1036,1892,941,660,1110
2019-01-23,982,1775,895,638,1084
2019-01-24,939,1726,841,607,1050
2019-01-25,905,1730,789,576,1024
2019-01-28,852,1631,747,552,998
2019-01-29,797,1508,714,526,971
2019-01-30,721,1295,689,498,931
2019-01-31,668,1116,661,472,899
2019-02-01,645,1014,650,450,865
2019-02-04,634,984,642,438,840
2019-02-05,629,972,641,423,829
2019-02-06,629,929,642,415,828
2019-02-07,610,846,654,414,814
2019-02-08,601,792,666,415,815
2019-02-11,595,736,676,429,818
2019-02-12,598,711,690,454,827
2019-02-13,608,707,701,478,842
2019-02-14,628,729,707,526,873
2019-02-15,639,727,710,560,887
2019-02-18,643,713,712,594,910
2019-02-19,635,650,719,625,937
2019-02-20,622,578,729,649,957
2019-02-21,630,570,735,686,976
2019-02-22,634,545,743,707,989
2019-02-25,637,520,758,721,1002
2019-02-26,649,522,787,729,1018
2019-02-27,651,500,834,738,1033
2019-02-28,658,459,896,749,1048
2019-03-01,664,383,944,759,1061
2019-03-04,669,355,975,767,1064
2019-03-05,663,299,995,776,1088
2019-03-06,664,270,1009,783,1100
2019-03-07,657,236,1001,790,1114
2019-03-08,649,235,974,790,1119
2019-03-11,645,250,950,790,1125
2019-03-12,647,278,922,789,1136
2019-03-13,654,327,904,789,1144
2019-03-14,677,403,923,786,1157
2019-03-15,730,520,965,786,1164
2019-03-18,721,476,984,787,1171
2019-03-19,712,421,1005,789,1182
2019-03-20,709,399,1038,796,1198
2019-03-21,695,288,1078,813,1210
2019-03-22,690,251,1091,826,1227
2019-03-25,689,230,1098,830,1241
2019-03-26,683,190,1109,833,1252
2019-03-27,690,178,1108,831,1258
2019-03-28,692,167,1130,823,1259
2019-03-29,689,150,1143,813,1254
2019-04-01,685,122,1148,807,1250
2019-04-02,674,92,1157,795,1240
2019-04-03,672,104,1159,775,1222
2019-04-04,699,210,1151,757,1199
2019-04-05,711,276,1138,742,1182
2019-04-08,714,312,1125,733,1165
2019-04-09,725,375,1108,726,1154
2019-04-10,734,428,1097,718,1141
2019-04-11,728,423,1091,715,1129
2019-04-12,726,418,1095,711,1122
2019-04-15,738,445,1114,714,1114
2019-04-16,749,459,1139,718,1109
2019-04-17,767,463,1167,726,1104
2019-04-18,790,490,1181,732,1101
2019-04-23,821,572,1185,751,1106
2019-04-24,850,648,1190,773,1110
2019-04-25,869,691,1192,781,1109
2019-04-26,889,783,1194,780,1106
2019-04-29,913,884,1196,777,1104
2019-04-30,1011,1276,1198,768,1099
2019-05-01,1031,1389,1198,763,1099
2019-05-02,1032,1420,1200,755,1099
2019-05-03,985,1290,1205,752,1095
2019-05-07,936,1119,1204,761,1083
2019-05-08,940,1159,1202,770,1081
2019-05-09,974,1270,1208,776,1077
2019-05-10,1013,1371,1214,779,1076
2019-05-13,1026,1405,1226,782,1074
2019-05-14,1043,1462,1243,783,1069
2019-05-15,1032,1417,1256,784,1069
2019-05-16,1032,1428,1267,783,1072
2019-05-17,1040,1463,1270,780,1076
2019-05-20,1041,1470,1274,778,1082
2019-05-21,1049,1501,1277,777,1083
2019-05-22,1059,1537,1290,778,1089
2019-05-23,1068,1558,1311,779,1094
2019-05-24,1066,1545,1326,778,1096
2019-05-28,1082,1585,1343,771,1102
2019-05-29,1107,1659,1356,763,1105
2019-05-30,1097,1623,1362,756,1109
2019-05-31,1096,1620,1357,752,1116
2019-06-03,1103,1650,1349,748,1123
2019-06-04,1122,1739,1329,739,1127
2019-06-05,1141,1806,1307,731,1132
2019-06-06,1138,1826,1272,726,1140
2019-06-07,1138,1862,1248,719,1146
2019-06-10,1125,1848,1226,717,1149
2019-06-11,1105,1798,1207,714,1152
2019-06-12,1080,1746,1192,712,1160
2019-06-13,1062,1718,1181,710,1167
2019-06-14,1085,1800,1173,716,1169
2019-06-17,1093,1826,1164,720,1172
2019-06-18,1135,1956,1154,728,1188
2019-06-19,1179,2051,1142,736,1203
2019-06-20,1194,2080,1128,743,1215
2019-06-21,1239,2278,1121,751,1223
2019-06-24,1258,2363,1131,756,1225
2019-06-25,1280,2389,1164,765,1226
2019-06-26,1317,2440,1202,774,1230
2019-06-27,1340,2465,1246,783,1234
2019-06-28,1354,2488,1285,787,1232
2019-07-01,1381,2557,1311,792,1230
2019-07-02,1446,2717,1352,796,1230
2019-07-03,1549,2939,1406,803,1236
2019-07-04,1700,3298,1511,814,1242
2019-07-05,1740,3346,1596,820,1254
2019-07-08,1725,3260,1619,829,1263
2019-07-09,1759,3343,1650,835,1270
2019-07-10,1777,3361,1698,845,1280
2019-07-11,1816,3416,1768,860,1287
2019-07-12,1865,3541,1817,879,1296
2019-07-15,1928,3724,1848,888,1295
2019-07-16,2011,3968,1892,905,1306
2019-07-17,2064,4095,1916,928,1316
2019-07-18,2130,4256,1955,953,1332
2019-07-19,2170,4379,1984,982,1343
2019-07-22,2191,4438,2012,1002,1355
2019-07-23,2165,4315,2025,1017,1366
2019-07-24,2014,3808,2008,1019,1375
2019-07-25,1947,3609,1977,1012,1384
2019-07-26,1937,3647,1915,1005,1388
2019-07-29,1922,3660,1866,996,1392
2019-07-30,1899,3664,1798,988,1390
2019-07-31,1868,3657,1739,982,1390
2019-08-01,1812,3534,1679,974,1388
2019-08-02,1788,3492,1643,968,1387
2019-08-05,1774,3480,1623,959,1388
2019-08-06,1734,3302,1632,956,1385
2019-08-07,1712,3171,1671,955,1385
2019-08-08,1720,3181,1719,959,1385
2019-08-09,1748,3222,1770,970,1395
2019-08-12,1774,3266,1798,975,1397
2019-08-13,1864,3454,1862,992,1404
2019-08-14,1950,3588,1947,1022,1419
2019-08-15,2047,3767,2000,1070,1439
2019-08-16,2088,3826,2022,1118,1459
2019-08-19,2067,3728,2025,1141,1473
2019-08-20,2059,3665,2012,1161,1498
2019-08-21,2061,3671,2022,1188,1529
2019-08-22,2118,3829,2061,1220,1584
2019-08-23,2168,3991,2084,1249,1613
2019-08-27,2213,4082,2111,1286,1651
2019-08-28,2267,4213,2131,1310,1677
2019-08-29,2277,4206,2149,1328,1710
2019-08-30,2378,4467,2163,1336,1728
2019-09-02,2442,4659,2165,1346,1742
2019-09-03,2501,4862,2161,1350,1765
2019-09-04,2518,5043,2146,1351,1784
2019-09-05,2499,5036,2125,1348,1812
2019-09-06,2462,4949,2101,1338,1818
2019-09-09,2422,4844,2076,1330,1838
2019-09-10,2393,4794,2039,1319,1845
2019-09-11,2366,4726,2020,1311,1845
2019-09-12,2331,4612,2006,1305,1844
2019-09-13,2312,4547,2007,1299,1844
2019-09-16,2311,4538,2003,1294,1844
2019-09-17,2283,4456,1988,1292,1846
2019-09-18,2266,4394,1955,1292,1848
2019-09-19,2192,4136,1913,1296,1853
2019-09-20,2131,3952,1872,1300,1855
2019-09-23,2108,3903,1840,1298,1853
2019-09-24,2116,3982,1801,1294,1847
2019-09-25,2053,3829,1767,1282,1847
2019-09-26,1963,3601,1720,1272,1837
2019-09-27,1857,3338,1679,1260,1834
2019-09-30,1823,3269,1643,1248,1826
2019-10-01,1809,3232,1628,1231,1811
2019-10-02,1803,3231,1613,1217,1795
2019-10-03,1757,3013,1608,1204,1782
2019-10-04,1767,3021,1616,1199,1769
2019-10-07,1770,3003,1633,1196,1761
2019-10-08,1801,3031,1678,1199,1749
2019-10-09,1873,3208,1721,1204,1742
2019-10-10,1929,3319,1770,1211,1736
2019-10-11,1924,3290,1787,1218,1727
2019-10-14,1916,3254,1797,1223,1722
2019-10-15,1898,3204,1788,1227,1721
2019-10-16,1897,3194,1756,1226,1715
2019-10-17,1861,3081,1730,1224,1708
2019-10-18,1855,3064,1709,1222,1703
2019-10-21,1846,3047,1688,1221,1699
2019-10-22,1806,2944,1665,1217,1691
2019-10-23,1779,2873,1641,1210,1670
2019-10-24,1785,2926,1621,1200,1658
2019-10-25,1801,3009,1576,1187,1640
2019-10-28,1803,3052,1537,1179,1627
2019-10-29,1802,3078,1507,1159,1606
2019-10-30,1782,3078,1480,1127,1577
2019-10-31,1731,2978,1453,1091,1546
2019-11-01,1697,2950,1425,1045,1519
2019-11-04,1675,2946,1395,1005,1494
2019-11-05,1656,2975,1356,974,1471
2019-11-06,1533,2726,1311,926,1444
2019-11-07,1428,2517,1267,865,1411
2019-11-08,1378,2444,1228,824,1386
2019-11-11,1345,2393,1195,796,1361
2019-11-12,1354,2485,1163,774,1338
2019-11-13,1365,2565,1133,758,1320
2019-11-14,1364,2623,1102,745,1304
2019-11-15,1357,2635,1087,735,1293
2019-11-18,1338,2603,1084,723,1281
2019-11-19,1304,2543,1086,716,1270
2019-11-20,1260,2435,1087,718,1261
2019-11-21,1255,2401,1081,731,1259
2019-11-22,1284,2493,1074,747,1257
2019-11-25,1351,2716,1068,767,1255
2019-11-26,1426,2953,1061,783,1259
2019-11-27,1440,2983,1070,796,1263
2019-11-28,1467,2995,1113,807,1272
2019-11-29,1528,3131,1169,816,1277
2019-12-02,1568,3231,1226,819,1277
2019-12-03,1606,3350,1252,825,1280
2019-12-04,1599,3382,1260,828,1285
2019-12-05,1575,3325,1271,831,1284
2019-12-06,1558,3273,1284,835,1285
2019-12-09,1551,3242,1296,837,1287
2019-12-10,1528,3167,1323,838,1288
2019-12-11,1460,2883,1363,838,1284
2019-12-12,1388,2598,1378,835,1287
2019-12-13,1355,2455,1385,823,1283
2019-12-16,1315,2334,1384,815,1283
2019-12-17,1281,2240,1344,802,1278
2019-12-18,1221,2103,1270,785,1273
2019-12-19,1151,1976,1202,764,1261
2019-12-20,1123,1958,1142,743,1255
2019-12-23,1103,1954,1098,728,1247
2019-12-24,1090,1950,1067,718,1238
2020-01-02,976,1646,982,685,1180
2020-01-03,907,1507,928,662,1146
2020-01-06,844,1388,871,642,1123
2020-01-07,791,1271,827,611,1099
2020-01-08,773,1197,785,593,1081
2020-01-09,772,1155,768,581,1061
2020-01-10,774,1066,754,570,1035
2020-01-13,765,1004,743,566,1014
2020-01-14,763,970,750,563,1001
2020-01-15,768,878,807,559,984
2020-01-16,768,784,840,559,972
2020-01-17,754,712,851,560,961
2020-01-20,729,593,847,560,958
2020-01-21,689,495,806,556,951
2020-01-22,623,325,744,550,944
2020-01-23,576,207,698,546,928
2020-01-24,557,165,676,543,914
2020-01-27,546,135,658,542,900
2020-01-28,539,129,637,538,887
2020-01-29,525,93,614,533,871
2020-01-30,498,1,582,528,858
2020-01-31,487,584,561,524,842
2020-02-03,466,559,534,521,827
2020-02-04,453,544,515,518,811
2020-02-05,430,516,509,512,793
2020-02-06,431,517,519,506,783
2020-02-07,415,498,529,491,770
2020-02-10,411,493,534,484,764
2020-02-11,418,502,545,477,750
2020-02-12,421,505,569,472,744
2020-02-13,421,505,598,468,740
2020-02-14,425,510,622,470,737
2020-02-17,434,521,643,474,735
2020-02-18,450,540,675,481,739
2020-02-19,465,558,706,489,747
2020-02-20,480,576,739,505,755
2020-02-21,497,596,770,524,771
2020-02-24,506,607,794,543,781
2020-02-25,508,610,812,561,798
2020-02-26,517,620,841,577,808
2020-02-27,529,635,867,590,816
2020-02-28,535,642,886,606,821
2020-03-02,539,647,895,621,828
2020-03-03,549,659,915,633,835
2020-03-04,562,674,940,646,851
2020-03-05,599,719,1003,671,872
2020-03-06,617,740,1045,688,886
2020-03-09,616,739,1044,704,899
2020-03-10,627,752,1041,722,919
2020-03-11,631,757,1034,735,949
2020-03-12,633,760,1012,745,979
2020-03-13,631,757,985,750,1000
2020-03-16,623,748,949,754,1015
2020-03-17,612,734,909,754,1029
2020-03-18,629,755,867,755,1051
2020-03-19,630,756,832,748,1066
2020-03-20,625,750,789,741,1073
2020-03-23,617,740,757,732,1085
2020-03-24,603,724,730,720,1090
2020-03-25,582,698,705,702,1073
2020-03-26,569,683,700,675,1052
2020-03-27,556,667,713,641,1017
2020-03-30,548,658,716,606,987
2020-03-31,626,204,741,568,952
2020-04-01,624,219,766,535,924
2020-04-02,624,268,775,513,887
2020-04-03,616,319,779,495,862
2020-04-06,604,338,783,485,850
2020-04-07,596,356,782,472,822
2020-04-08,607,425,787,454,799
2020-04-09,635,541,795,441,776
2020-04-14,679,687,800,429,756
2020-04-15,706,794,802,419,734
2020-04-16,726,887,803,411,713
2020-04-17,751,993,808,404,698
2020-04-20,757,1057,805,398,683
2020-04-21,728,1004,786,390,668
2020-04-22,694,968,761,384,655
2020-04-23,672,970,743,383,642
2020-04-24,665,964,730,388,627
2020-04-27,661,962,725,392,620
2020-04-28,655,945,715,397,611
2020-04-29,643,926,705,404,607
2020-04-30,635,895,696,410,603
2020-05-01,617,820,689,413,606
2020-05-04,598,743,686,416,593
2020-05-05,575,669,677,417,590
2020-05-06,534,519,663,420,585
2020-05-07,514,461,652,423,579
2020-05-11,474,292,644,431,582
2020-05-12,433,123,631,434,579
2020-05-13,398,478,615,440,580
2020-05-14,393,472,600,446,582
2020-05-15,407,26,590,450,584
2020-05-18,427,94,586,456,591
2020-05-19,453,174,586,462,600
2020-05-20,477,174,594,471,605
2020-05-21,494,180,609,478,616
2020-05-22,498,162,622,486,632
2020-05-26,506,147,642,495,652
2020-05-27,502,108,674,500,665
2020-05-28,489,27,705,502,677
2020-05-29,504,46,738,500,687
2020-06-01,520,82,760,497,695
2020-06-02,546,167,777,495,707
2020-06-03,592,356,792,494,722
2020-06-04,632,518,797,499,735
2020-06-05,679,736,796,507,746
2020-06-08,698,810,791,515,758
2020-06-09,714,859,782,532,771
2020-06-10,764,1039,779,556,782
2020-06-11,839,1300,803,575,799
2020-06-12,923,1523,833,597,814
2020-06-15,973,1648,865,612,835
2020-06-16,1054,1854,929,624,852
2020-06-17,1246,2455,997,634,871
2020-06-18,1527,3672,1093,648,898
2020-06-19,1555,3819,1152,657,920
2020-06-22,1558,3791,1178,662,933
2020-06-23,1617,3976,1195,667,948
2020-06-24,1705,4189,1218,674,965
2020-06-25,1738,4213,1225,678,977
2020-06-26,1749,4219,1229,678,987
2020-06-29,1794,4325,1229,679,1001
2020-06-30,1799,4320,1230,683,1016
2020-07-01,1803,4233,1228,686,1026
2020-07-02,1823,4264,1230,693,1034
2020-07-03,1894,4440,1287,701,1046
2020-07-06,1956,4071,1346,708,1050
2020-07-07,1949,3968,1425,725,1056
2020-07-08,1849,3570,1484,773,1064
2020-07-09,1810,3386,1523,809,1080
2020-07-10,1810,3333,1553,835,1102
2020-07-13,1792,3251,1563,856,1111
2020-07-14,1742,3082,1563,875,1122
2020-07-15,1696,2941,1545,890,1135
2020-07-16,1699,2971,1511,899,1149
2020-07-17,1710,3025,1471,910,1159
2020-07-20,1678,2950,1433,920,1167
2020-07-21,1594,2729,1384,929,1175
2020-07-22,1473,2426,1306,932,1188
2020-07-23,1388,2236,1235,925,1192
2020-07-24,1317,2084,1172,915,1193
2020-07-27,1293,2052,1136,906,1198
2020-07-28,1264,1992,1111,897,1201
2020-07-29,1317,2137,1140,890,1198
2020-07-30,1348,2210,1177,878,1198
2020-07-31,1350,2206,1201,870,1203
2020-08-03,1385,2297,1227,862,1196
2020-08-04,1463,2494,1287,851,1192
2020-08-05,1475,2458,1380,844,1189
2020-08-06,1500,2464,1462,847,1189
2020-08-07,1501,2401,1529,855,1194
2020-08-10,1506,2375,1565,867,1200
2020-08-11,1510,2316,1635,879,1205
2020-08-12,1540,2332,1709,893,1216
2020-08-13,1577,2384,1758,911,1228
2020-08-14,1595,2402,1784,927,1246
2020-08-17,1598,2400,1780,943,1277
2020-08-18,1586,2375,1759,949,1300
2020-08-19,1568,2347,1719,954,1332
2020-08-20,1518,2239,1663,957,1365
2020-08-21,1481,2160,1617,962,1385
2020-08-24,1491,2207,1597,965,1406
2020-08-25,1518,2293,1593,964,1424
2020-08-26,1509,2278,1581,960,1433
2020-08-27,1504,2264,1583,958,1439
2020-08-28,1488,2218,1581,958,1445
2020-09-01,1471,2176,1569,958,1447
2020-09-02,1445,2127,1534,959,1447
2020-09-03,1395,2019,1482,958,1444
2020-09-04,1362,1960,1441,953,1443
2020-09-07,1349,1942,1417,949,1440
2020-09-08,1328,1916,1383,941,1437
2020-09-09,1296,1867,1340,931,1431
2020-09-10,1269,1818,1308,923,1426
2020-09-11,1267,1839,1284,917,1419
2020-09-14,1282,1898,1272,914,1414
2020-09-15,1289,1922,1268,912,1404
2020-09-16,1281,1889,1271,921,1403
2020-09-17,1294,1914,1277,930,1405
2020-09-18,1296,1900,1286,941,1415
2020-09-21,1314,1940,1292,950,1423
2020-09-22,1364,2078,1297,960,1435
2020-09-23,1426,2242,1309,971,1457
2020-09-24,1605,2754,1331,983,1469
2020-09-25,1667,2915,1350,992,1483
2020-09-28,1654,2862,1360,998,1489
2020-09-29,1658,2871,1360,999,1494
2020-09-30,1725,3091,1344,995,1499
2020-10-01,1869,3537,1334,992,1500
2020-10-02,2020,3987,1343,991,1503
2020-10-05,2071,4135,1352,988,1502
2020-10-06,2097,4208,1364,985,1505
2020-10-07,2044,4035,1380,985,1503
2020-10-08,1970,3799,1397,984,1505
2020-10-09,1892,3555,1408,982,1510
2020-10-12,1807,3296,1412,982,1511
2020-10-13,1732,3074,1405,982,1517
2020-10-14,1637,2810,1382,980,1518
2020-10-15,1561,2621,1335,977,1519
2020-10-16,1477,2406,1294,976,1520
2020-10-19,1409,2219,1270,976,1518
2020-10-20,1350,2064,1246,973,1514
2020-10-21,1346,2068,1229,972,1511
2020-10-22,1401,2235,1228,972,1513
2020-10-23,1415,2261,1247,972,1514
2020-10-26,1402,2207,1263,972,1512
2020-10-27,1413,2244,1267,968,1512
2020-10-28,1384,2156,1272,962,1511
2020-10-29,1297,1903,1269,958,1505
2020-10-30,1283,1875,1261,949,1500
2020-11-02,1284,1895,1247,943,1496
2020-11-03,1263,1862,1223,932,1491
2020-11-04,1224,1771,1204,922,1485
2020-11-05,1194,1709,1183,912,1477
2020-11-06,1196,1739,1164,901,1477
2020-11-09,1207,1790,1155,893,1479
2020-11-10,1200,1782,1145,888,1477
2020-11-11,1141,1613,1140,882,1480
2020-11-12,1124,1550,1152,884,1482
2020-11-13,1115,1507,1172,884,1485
2020-11-16,1111,1481,1188,884,1483
2020-11-17,1112,1450,1224,888,1490
2020-11-18,1115,1414,1263,900,1504
2020-11-19,1134,1430,1297,915,1516
2020-11-20,1148,1435,1323,930,1526
2020-11-23,1169,1450,1354,952,1536
2020-11-24,1178,1447,1368,973,1553
2020-11-25,1197,1469,1382,995,1584
2020-11-26,1219,1509,1395,1011,1625
2020-11-27,1230,1533,1398,1018,1646
2020-11-30,1227,1522,1396,1022,1657
2020-12-01,1211,1487,1380,1020,1669
2020-12-02,1201,1486,1349,1019,1674
2020-12-03,1189,1480,1316,1015,1681
2020-12-04,1197,1520,1302,1011,1683
2020-12-07,1162,1419,1296,1011,1683
2020-12-08,1121,1279,1315,1012,1680
2020-12-09,1122,1241,1358,1017,1682
2020-12-10,1161,1320,1396,1023,1688
2020-12-11,1211,1434,1433,1031,1694
2020-12-14,1235,1481,1452,1038,1698
2020-12-15,1273,1583,1458,1046,1708
2020-12-16,1296,1667,1434,1054,1711
2020-12-17,1301,1705,1402,1057,1715
2020-12-18,1325,1802,1372,1057,1719
2020-12-21,1323,1819,1347,1054,1719
2020-12-22,1330,1865,1323,1048,1719
2020-12-23,1362,1979,1304,1047,1717
2020-12-24,1366,2006,1296,1039,1715
2021-01-04,1374,2008,1334,1028,1696
2021-01-05,1418,2099,1391,1022,1687
2021-01-06,1425,2087,1431,1022,1679
2021-01-07,1448,2122,1471,1023,1675
2021-01-08,1606,2548,1525,1029,1663
2021-01-11,1761,2955,1585,1039,1654
2021-01-12,1849,3186,1609,1055,1647
2021-01-13,1856,3194,1609,1067,1648
2021-01-14,1792,3012,1583,1080,1652
2021-01-15,1754,2893,1581,1086,1654
2021-01-18,1740,2839,1583,1096,1657
2021-01-19,1766,2912,1577,1104,1663
2021-01-20,1828,3082,1582,1119,1673
2021-01-21,1837,3077,1603,1133,1689
2021-01-22,1810,2970,1623,1142,1698
2021-01-25,1765,2817,1629,1152,1717
2021-01-26,1659,2497,1624,1158,1732
2021-01-27,1540,2145,1609,1163,1746
2021-01-28,1470,1945,1596,1166,1768
2021-01-29,1452,1890,1597,1165,1777
2021-02-01,1444,1871,1594,1162,1783
2021-02-02,1380,1694,1589,1149,1789
2021-02-03,1327,1544,1587,1141,1797
2021-02-04,1327,1540,1593,1139,1805
2021-02-05,1333,1527,1626,1144,1822
2021-02-08,1317,1454,1652,1149,1838
2021-02-09,1306,1370,1703,1156,1859
2021-02-10,1303,1296,1758,1175,1878
2021-02-11,1313,1243,1830,1197,1898
2021-02-12,1339,1242,1902,1217,1903
2021-02-15,1364,1261,1954,1232,1923
2021-02-16,1495,1485,2125,1262,1953
2021-02-17,1756,1912,2463,1340,2029
2021-02-18,1770,1892,2417,1441,2141
2021-02-19,1698,1715,2282,1513,2285
2021-02-22,1709,1673,2271,1598,2396
2021-02-23,1727,1594,2256,1744,2479
2021-02-24,1709,1485,2227,1822,2580
2021-02-25,1700,1471,2160,1866,2663
2021-02-26,1675,1439,2093,1878,2712
2021-03-01,1651,1408,2041,1879,2736
2021-03-02,1673,1465,2054,1879,2756
2021-03-03,1763,1677,2114,1889,2767
2021-03-04,1779,1673,2163,1900,2787
2021-03-05,1829,1784,2192,1917,2867
2021-03-08,1853,1825,2209,1933,2929
2021-03-09,1901,1950,2190,1969,2995
2021-03-10,1980,2157,2170,2017,3098
2021-03-11,1970,2092,2169,2051,3191
2021-03-12,1960,2019,2193,2077,3253
2021-03-15,1983,2056,2223,2083,3285
2021-03-16,2017,2083,2321,2079,3314
2021-03-17,2105,2162,2527,2091,3365
2021-03-18,2215,2276,2761,2114,3440
2021-03-19,2281,2344,2910,2122,3448
2021-03-22,2319,2382,2991,2133,3439
2021-03-23,2271,2305,2918,2126,3412
2021-03-24,2194,2215,2796,2084,3343
2021-03-25,2172,2230,2772,2021,3265
2021-03-26,2178,2293,2766,1983,3224
2021-03-29,2162,2289,2751,1951,3157
2021-03-30,2103,2217,2664,1916,3045
2021-03-31,2046,2210,2520,1871,2958
2021-04-01,2072,2394,2430,1840,2882
2021-04-06,2092,2528,2378,1809,2815
2021-04-07,2127,2709,2306,1792,2762
2021-04-08,2088,2758,2113,1786,2708
2021-04-09,2085,2883,1959,1780,2660
2021-04-12,2145,3132,1886,1774,2616
2021-04-13,2140,3142,1857,1774,2574
2021-04-14,2178,3151,1974,1783,2546
2021-04-15,2323,3383,2186,1811,2534
2021-04-16,2385,3439,2296,1849,2549
2021-04-19,2432,3476,2388,1878,2571
2021-04-20,2472,3455,2501,1925,2600
2021-04-21,2710,4014,2631,1977,2644
2021-04-22,2750,4077,2628,2037,2716
2021-04-23,2788,4192,2572,2085,2768
2021-04-26,2808,4262,2529,2108,2799
2021-04-27,2889,4516,2494,2129,2822
2021-04-28,2957,4680,2528,2140,2833
2021-04-29,3007,4774,2585,2151,2894
2021-04-30,3053,4896,2614,2144,2902
2021-05-04,3157,5180,2665,2130,2931
2021-05-05,3266,5404,2786,2135,2957
2021-05-06,3212,5167,2846,2160,2984
2021-05-07,3183,5006,2891,2196,3014
2021-05-10,3240,5109,2948,2216,3050
2021-05-11,3254,5068,3015,2245,3100
2021-05-12,3139,4709,3001,2269,3147
2021-05-13,3077,4549,2952,2283,3192
2021-05-14,2939,4165,2897,2297,3217
2021-05-17,2856,3943,2846,2310,3241
2021-05-18,2795,3790,2792,2324,3268
2021-05-19,2801,3785,2794,2344,3291
2021-05-20,2824,3814,2808,2374,3320
2021-05-21,2869,3930,2793,2408,3339
2021-05-24,2881,3958,2778,2428,3347
2021-05-25,2809,3745,2748,2450,3364
2021-05-26,2754,3572,2707,2492,3385
2021-05-27,2688,3368,2676,2520,3399
2021-05-28,2596,3089,2700,2504,3404
2021-06-01,2568,3018,2740,2455,3394
2021-06-02,2530,2862,2793,2456,3392
2021-06-03,2472,2665,2833,2441,3388
2021-06-04,2438,2524,2870,2449,3389
2021-06-07,2428,2467,2890,2461,3387
2021-06-08,2420,2393,2928,2479,3388
2021-06-09,2481,2488,2998,2508,3404
2021-06-10,2669,2899,3134,2552,3435
2021-06-11,2857,3346,3230,2592,3450
2021-06-14,2944,3543,3270,2624,3456
2021-06-15,3025,3695,3333,2667,3474
2021-06-16,3176,4010,3443,2713,3492
2021-06-17,3267,4212,3481,2754,3518
2021-06-18,3218,4029,3467,2802,3545
2021-06-21,3190,3953,3429,2825,3593
2021-06-22,3119,3783,3358,2840,3639
2021-06-23,3147,3868,3343,2852,3690
2021-06-24,3175,3861,3439,2864,3743
2021-06-25,3255,3987,3562,2877,3811
2021-06-28,3324,4021,3744,2899,3848
2021-06-29,3418,4136,3923,2921,3886
2021-06-30,3383,3931,4030,2930,3907
2021-07-01,3338,3690,4145,2939,3928
2021-07-02,3285,3510,4176,2935,3941
2021-07-05,3224,3349,4149,2935,3958
2021-07-06,3179,3293,4069,2920,4020
2021-07-07,3241,3499,4059,2909,4103
2021-07-08,3281,3649,4038,2897,4150
2021-07-09,3300,3735,4012,2891,4186
2021-07-12,3300,3770,3981,2882,4188
2021-07-13,3228,3650,3884,2865,4209
2021-07-14,3139,3512,3764,2833,4209
2021-07-15,3073,3460,3627,2799,4214
2021-07-16,3039,3442,3556,2775,4232
2021-07-19,3059,3514,3545,2774,4262
2021-07-20,3053,3505,3522,2783,4278
2021-07-21,3058,3513,3499,2807,4327
2021-07-22,3103,3629,3483,2842,4376
2021-07-23,3199,3915,3452,2871,4401
2021-07-26,3210,3950,3437,2883,4428
2021-07-27,3166,3844,3392,2893,4438
2021-07-28,3154,3841,3330,2911,4451
2021-07-29,3214,4056,3269,2928,4458
2021-07-30,3292,4306,3232,2945,4461
2021-08-02,3282,4272,3218,2959,4465
2021-08-03,3281,4246,3235,2969,4480
2021-08-04,3318,4302,3285,2983,4470
2021-08-05,3376,4414,3343,2996,4477
2021-08-06,3371,4359,3374,3010,4478
2021-08-09,3371,4342,3383,3022,4480
2021-08-10,3375,4328,3400,3032,4494
2021-08-11,3410,4384,3439,3049,4516
2021-08-12,3503,4608,3473,3079,4560
2021-08-13,3566,4766,3488,3098,4604
2021-08-16,3606,4852,3506,3119,4637
2021-08-17,3657,4950,3538,3146,4680
2021-08-18,3833,5365,3626,3189,4724
2021-08-19,3976,5711,3672,3237,4744
2021-08-20,4092,5997,3703,3276,4760
2021-08-23,4147,6114,3726,3303,4769
2021-08-24,4201,6206,3763,3343,4786
2021-08-25,4193,6109,3801,3386,4811
2021-08-26,4195,6043,3826,3437,4823
2021-08-27,4235,6162,3790,3470,4810
2021-08-31,4132,5919,3699,3477,4750
2021-09-01,4013,5666,3625,3434,4712
2021-09-02,4001,5716,3570,3393,4673
2021-09-03,3944,5625,3527,3348,4660
2021-09-06,3822,5362,3467,3293,4637
2021-09-07,3707,5091,3420,3256,4626
2021-09-08,3618,4886,3398,3211,4591
2021-09-09,3643,4962,3434,3179,4578
2021-09-10,3864,5567,3517,3170,4582
2021-09-13,4163,6380,3614,3180,4589
2021-09-14,4221,6474,3674,3210,4615
2021-09-15,4233,6437,3718,3247,4651
2021-09-16,4215,6304,3768,3283,4678
2021-09-17,4275,6420,3819,3307,4718
2021-09-20,4304,6487,3830,3319,4757
2021-09-21,4410,6785,3845,3327,4780
2021-09-22,4560,7200,3875,3338,4819
2021-09-23,4651,7438,3907,3349,4857
2021-09-24,4644,7393,3924,3359,4880
2021-09-27,4717,7600,3933,3363,4893
2021-09-28,4962,8322,3943,3373,4927
2021-09-29,5197,9018,3949,3379,4961
2021-09-30,5167,8944,3926,3382,5006
2021-10-01,5202,9066,3905,3383,5038
2021-10-04,5267,9289,3875,3381,5050
2021-10-05,5409,9752,3833,3382,5055
2021-10-06,5647,10475,3818,3388,5065
2021-10-07,5650,10485,3799,3404,5094
2021-10-08,5526,10112,3782,3417,5108
2021-10-11,5488,9975,3793,3431,5121
2021-10-12,5378,9590,3821,3461,5115
2021-10-13,5206,8988,3872,3502,5114
2021-10-14,5062,8462,3935,3542,5121
2021-10-15,4854,7767,3977,3576,5123
2021-10-18,4732,7358,4002,3595,5128
2021-10-19,4714,7229,4075,3610,5132
2021-10-20,4751,7275,4144,3618,5155
2021-10-21,4653,6918,4211,3624,5184
2021-10-22,4410,6205,4233,3584,5216
2021-10-25,4257,5782,4234,3547,5227
2021-10-26,4056,5304,4139,3497,5212
2021-10-27,3808,4828,3994,3344,5162
2021-10-28,3630,4542,3878,3190,5097
2021-10-29,3519,4349,3811,3104,4998
2021-11-01,3428,4202,3732,3042,4928
2021-11-02,3187,3736,3565,2919,4760
2021-11-03,2892,3275,3282,2728,4595
2021-11-04,2769,3221,3097,2563,4532
2021-11-05,2715,3280,3004,2416,4377
2021-11-08,2718,3378,2996,2334,4282
2021-11-09,2805,3675,3017,2284,4221
2021-11-10,2861,3870,3012,2259,4175
2021-11-11,2844,3872,2961,2251,4122
2021-11-12,2807,3836,2866,2253,4090
2021-11-15,2759,3752,2788,2259,4065
2021-11-16,2591,3383,2617,2263,4041
2021-11-17,2430,3064,2421,2260,4010
2021-11-18,2454,3260,2285,2248,3987
2021-11-19,2552,3610,2232,2237,3956
2021-11-22,2645,3884,2241,2235,3922
2021-11-23,2715,4055,2283,2243,3903
2021-11-24,2654,3822,2327,2255,3895
2021-11-25,2678,3776,2435,2284,3893
2021-11-26,2767,3906,2564,2316,3902
2021-11-29,2881,4143,2675,2327,3905
2021-11-30,3018,4483,2750,2340,3915
2021-12-01,3047,4464,2834,2374,3931
2021-12-02,3115,4534,2964,2402,3944
2021-12-03,3171,4594,3060,2431,3953
2021-12-06,3235,4699,3142,2452,3955
2021-12-07,3352,4983,3182,2488,3975
2021-12-08,3423,5189,3151,2520,3978
2021-12-09,3343,4989,3077,2541,3985
2021-12-10,3272,4827,3001,2551,3985
2021-12-13,3216,4718,2930,2552,3974
2021-12-14,2932,3960,2816,2550,3969
2021-12-15,2665,3272,2684,2542,3966
2021-12-16,2498,2894,2568,2514,3948
2021-12-17,2379,2727,2391,2469,3921
2021-12-20,2371,2807,2305,2436,3899
2021-12-21,2294,2663,2260,2383,3865
2021-12-22,2229,2455,2333,2337,3811
2021-12-23,2219,2351,2461,2303,3747
2021-12-24,2217,2312,2517,2290,3716
2022-01-04,2285,2350,2811,2209,3566
2022-01-05,2289,2301,2937,2165,3516
2022-01-06,2296,2356,2948,2124,3384
2022-01-07,2289,2432,2892,2074,3296
2022-01-10,2277,2554,2788,2001,3214
2022-01-11,2151,2325,2656,1958,3170
2022-01-12,2027,2097,2509,1936,3112
2022-01-13,1873,1746,2399,1915,3066
2022-01-14,1764,1496,2323,1897,3023
2022-01-17,1731,1470,2276,1864,2989
2022-01-18,1644,1316,2175,1840,2945
2022-01-19,1570,1226,2049,1812,2888
2022-01-20,1474,1031,1980,1773,2844
2022-01-21,1415,891,1966,1749,2797
2022-01-24,1391,836,1969,1728,2760
2022-01-25,1343,745,1945,1693,2699
2022-01-26,1296,702,1872,1654,2642
2022-01-27,1302,818,1806,1613,2578
2022-01-28,1381,1075,1800,1597,2563
2022-01-31,1418,1208,1788,1587,2542
2022-02-01,1440,1297,1771,1578,2523
2022-02-02,1419,1280,1727,1570,2509
2022-02-03,1425,1291,1733,1571,2504
2022-02-04,1423,1242,1757,1594,2510
2022-02-07,1422,1148,1815,1638,2524
2022-02-08,1503,1202,1928,1734,2610
2022-02-09,1711,1503,2106,1911,2753
2022-02-10,1940,1904,2282,2057,2887
2022-02-11,1977,1857,2350,2158,2960
2022-02-14,1984,1795,2366,2228,3038
2022-02-15,1968,1713,2348,2277,3096
2022-02-16,1896,1476,2323,2320,3147
2022-02-17,1886,1447,2314,2326,3189
2022-02-18,1964,1675,2323,2325,3258
2022-02-21,2045,1849,2388,2342,3310
2022-02-22,2148,2015,2540,2359,3380
2022-02-23,2244,2192,2640,2388,3432
2022-02-24,2187,2000,2631,2415,3509
2022-02-25,2076,1691,2600,2417,3546
2022-02-28,2040,1617,2542,2428,3563
2022-03-01,2069,1690,2545,2443,3599
2022-03-02,2137,1840,2576,2471,3602
2022-03-03,2104,1639,2641,2520,3635
2022-03-04,2148,1635,2724,2586,3658
2022-03-07,2235,1749,2838,2640,3720
2022-03-08,2352,1896,2975,2733,3765
2022-03-09,2558,2282,3124,2845,3816
2022-03-10,2704,2613,3163,2923,3881
2022-03-11,2718,2676,3118,2939,3924
2022-03-14,2727,2786,3025,2934,3951
2022-03-15,2689,2823,2882,2901,4004
2022-03-16,2591,2632,2785,2876,4060
2022-03-17,2588,2604,2788,2892,4108
2022-03-18,2605,2605,2812,2922,4214
2022-03-21,2589,2470,2887,2949,4271
2022-03-22,2546,2175,3043,2983,4349
2022-03-23,2575,2100,3201,3016,4423
2022-03-24,2567,1969,3306,3033,4486
2022-03-25,2544,1887,3338,3020,4519
2022-03-28,2484,1734,3342,2991,4530
2022-03-29,2417,1639,3264,2946,4498
2022-03-30,2369,1646,3166,2875,4450
2022-03-31,2358,1760,3073,2808,4399
2022-04-01,2357,1864,3007,2755,4297
2022-04-04,2307,1796,2949,2717,4238
2022-04-05,2213,1624,2887,2660,4156
2022-04-06,2128,1490,2805,2605,4070
2022-04-07,2061,1417,2718,2547,3975
2022-04-08,2055,1444,2717,2502,3914
2022-04-11,2031,1395,2724,2473,3853
2022-04-12,2035,1368,2800,2448,3815
2022-04-13,2068,1371,2903,2461,3732
2022-04-14,2137,1481,2976,2497,3673
2022-04-19,2115,1342,3013,2541,3670
2022-04-20,2142,1363,3020,2596,3699
2022-04-21,2239,1636,2980,2646,3734
2022-04-22,2307,1845,2939,2678,3814
2022-04-25,2356,2003,2902,2699,3899
2022-04-26,2404,2169,2856,2714,3964
2022-04-27,2425,2226,2841,2736,3991
2022-04-28,2403,2149,2851,2736,4011
2022-04-29,2404,2136,2874,2734,4039
2022-05-03,2412,2147,2890,2733,4080
2022-05-04,2485,2319,2947,2732,4107
2022-05-05,2644,2721,3042,2732,4139
2022-05-06,2718,2894,3106,2729,4157
2022-05-09,2831,3185,3162,2732,4184
2022-05-10,2939,3461,3206,2746,4210
2022-05-11,3052,3756,3244,2759,4221
2022-05-12,3117,3965,3238,2750,4222
2022-05-13,3104,3947,3211,2752,4240
2022-05-16,3085,3929,3170,2748,4226
2022-05-17,3095,3950,3184,2745,4215
2022-05-18,3189,4164,3254,2758,4226
2022-05-19,3289,4385,3296,2800,4219
2022-05-20,3344,4526,3309,2816,4212
2022-05-23,3369,4602,3303,2818,4219
2022-05-24,3253,4288,3249,2828,4212
2022-05-25,3127,3987,3148,2833,4197
2022-05-26,2933,3478,3072,2823,4187
2022-05-27,2681,2818,2982,2796,4176
2022-05-30,2571,2594,2880,2774,4158
2022-05-31,2566,2668,2811,2743,4092
2022-06-01,2633,2927,2789,2703,4044
2022-06-06,2560,2757,2780,2660,3967
2022-06-07,2514,2668,2754,2632,3897
2022-06-08,2410,2457,2687,2585,3827
2022-06-09,2342,2369,2616,2527,3725
2022-06-10,2320,2371,2572,2495,3593
2022-06-13,2260,2246,2544,2463,3548
2022-06-14,2284,2308,2571,2451,3478
2022-06-15,2387,2551,2647,2454,3420
2022-06-16,2462,2702,2730,2460,3400
2022-06-17,2578,2987,2800,2467,3404
2022-06-20,2596,3031,2809,2470,3387
2022-06-21,2484,2710,2789,2471,3387
2022-06-22,2349,2343,2736,2475,3392
2022-06-23,2354,2419,2673,2466,3394
2022-06-24,2331,2396,2636,2449,3382
2022-06-27,2295,2332,2595,2439,3382
2022-06-28,2204,2152,2510,2416,3328
2022-06-29,2186,2200,2455,2359,3288
2022-06-30,2240,2434,2431,2306,3259
2022-07-01,2214,2381,2424,2290,3236
2022-07-04,2159,2228,2415,2282,3184
2022-07-05,2098,2084,2388,2265,3142
2022-07-06,2043,2000,2312,2247,3091
2022-07-07,2073,2205,2228,2203,3043
2022-07-08,2067,2270,2175,2163,3005
2022-07-11,2081,2365,2125,2152,2991
2022-07-12,2013,2249,2051,2123,2981
2022-07-13,2002,2334,1965,2077,2980
2022-07-14,2010,2457,1878,2050,2972
2022-07-15,2150,2919,1844,2039,2993
2022-07-18,2162,2967,1831,2037,3010
2022-07-19,2145,2899,1848,2039,3042
2022-07-20,2113,2719,1929,2057,3058
2022-07-21,2118,2653,2006,2073,3073
2022-07-22,2146,2696,2048,2080,3070
2022-07-25,2114,2596,2054,2079,3072
2022-07-26,2061,2455,2042,2071,3069
2022-07-27,2007,2333,2030,2038,3056
2022-07-28,1945,2190,2020,2003,3032
2022-07-29,1895,2081,2007,1971,2974
2022-08-01,1872,2062,1999,1928,2926
2022-08-02,1817,1971,1982,1866,2892
2022-08-03,1731,1790,1962,1805,2831
2022-08-04,1603,1480,1940,1747,2775
2022-08-05,1560,1411,1924,1700,2683
2022-08-08,1566,1465,1916,1671,2645
2022-08-09,1564,1510,1896,1636,2604
2022-08-10,1592,1622,1890,1614,2557
2022-08-11,1556,1538,1885,1591,2496
2022-08-12,1477,1314,1865,1593,2479
2022-08-15,1404,1098,1844,1607,2459
2022-08-16,1387,1059,1810,1626,2453
2022-08-17,1394,1083,1765,1659,2467
2022-08-18,1320,867,1711,1698,2454
2022-08-19,1279,756,1651,1735,2435
2022-08-22,1270,747,1610,1751,2421
2022-08-23,1271,797,1538,1765,2411
2022-08-24,1213,680,1459,1773,2401
2022-08-25,1123,474,1393,1763,2378
2022-08-26,1082,411,1342,1744,2365
2022-08-30,1017,337,1256,1691,2331
2022-08-31,965,302,1191,1626,2287
2022-09-01,1002,469,1203,1559,2232
2022-09-02,1086,733,1244,1514,2204
2022-09-05,1133,844,1298,1498,2187
2022-09-06,1114,728,1382,1487,2178
2022-09-07,1133,656,1543,1482,2182
2022-09-08,1178,652,1719,1477,2197
2022-09-09,1213,672,1825,1475,2213
2022-09-12,1256,756,1881,1473,2216
2022-09-13,1408,1079,2029,1484,2241
2022-09-14,1595,1565,2099,1505,2263
2022-09-15,1612,1637,2045,1529,2281
2022-09-16,1553,1519,1947,1551,2293
2022-09-20,1729,1994,1979,1580,2335
2022-09-21,1746,2021,1977,1605,2367
2022-09-22,1720,1929,1955,1637,2413
2022-09-23,1816,2206,1952,1652,2448
2022-09-26,1813,2195,1949,1657,2470
2022-09-27,1807,2160,1955,1671,2492
2022-09-28,1799,2107,1978,1680,2516
2022-09-29,1757,1954,2018,1674,2535
2022-09-30,1760,1955,2037,1663,2558
2022-10-03,1788,2041,2037,1663,2565
2022-10-04,1865,2244,2064,1668,2579
2022-10-05,1996,2553,2157,1676,2595
2022-10-06,1992,2506,2183,1690,2607
2022-10-07,1961,2396,2187,1706,2618
2022-10-10,1944,2341,2179,1714,2621
2022-10-11,1904,2246,2148,1714,2617
2022-10-12,1873,2199,2100,1708,2596
2022-10-13,1818,2094,2043,1696,2586
2022-10-14,1838,2166,2036,1690,2565
2022-10-17,1843,2186,2043,1678,2526
2022-10-18,1875,2247,2089,1678,2510
2022-10-19,1871,2209,2117,1678,2465
2022-10-20,1837,2111,2114,1676,2450
2022-10-21,1819,2071,2097,1678,2436
2022-10-24,1797,2036,2067,1670,2432
2022-10-25,1755,1955,2028,1658,2416
2022-10-26,1706,1885,1964,1632,2382
2022-10-27,1612,1748,1859,1572,2336
2022-10-28,1534,1670,1777,1483,2274
2022-10-31,1463,1559,1707,1437,2239
2022-11-01,1377,1388,1659,1389,2199
2022-11-02,1321,1286,1647,1332,2168
2022-11-03,1290,1225,1663,1287,2131
2022-11-04,1323,1343,1663,1268,2119
2022-11-07,1337,1404,1659,1251,2093
2022-11-08,1356,1493,1633,1241,2073
2022-11-09,1393,1637,1605,1232,2036
2022-11-10,1390,1652,1584,1227,2020
2022-11-11,1355,1544,1602,1213,1996
2022-11-14,1325,1446,1631,1197,1978
2022-11-15,1300,1371,1645,1186,1957
2022-11-16,1288,1333,1652,1180,1947
2022-11-17,1228,1188,1614,1175,1934
2022-11-18,1189,1122,1559,1170,1933
2022-11-21,1177,1129,1515,1164,1920
2022-11-22,1149,1092,1463,1160,1909
2022-11-23,1184,1219,1433,1163,1907
2022-11-24,1242,1384,1434,1174,1894
2022-11-25,1324,1613,1447,1182,1888
2022-11-28,1347,1669,1464,1180,1890
2022-11-29,1327,1589,1491,1177,1889
2022-11-30,1355,1643,1534,1172,1887
2022-12-01,1338,1570,1568,1165,1881
2022-12-02,1324,1519,1583,1162,1879
2022-12-05,1323,1502,1602,1158,1868
2022-12-06,1340,1540,1621,1158,1855
2022-12-07,1373,1635,1623,1158,1865
2022-12-08,1385,1675,1625,1153,1859
2022-12-09,1386,1683,1623,1152,1857
2022-12-12,1361,1619,1608,1153,1848
2022-12-13,1357,1601,1598,1167,1840
2022-12-14,1401,1723,1607,1170,1822
2022-12-15,1528,2095,1622,1167,1807
2022-12-16,1560,2208,1616,1157,1788
2022-12-19,1548,2186,1610,1146,1777
2022-12-20,1596,2365,1586,1131,1753
2022-12-21,1723,2797,1563,1103,1733
2022-12-22,1650,2626,1529,1083,1701
2022-12-23,1515,2261,1501,1062,1682
2023-01-03,1250,1635,1407,968,1556
2023-01-04,1176,1516,1348,912,1495
2023-01-05,1146,1504,1303,871,1449
2023-01-06,1130,1512,1271,839,1399
2023-01-09,1139,1596,1223,825,1373
2023-01-10,1096,1536,1164,803,1354
2023-01-11,1043,1470,1102,762,1321
2023-01-12,976,1349,1061,715,1289
2023-01-13,946,1299,1045,686,1267
2023-01-16,946,1311,1047,673,1237
2023-01-17,921,1240,1054,661,1188
2023-01-18,874,1107,1051,657,1161
2023-01-19,801,893,1048,654,1140
2023-01-20,763,787,1037,652,1117
2023-01-23,740,735,1025,645,1101
2023-01-24,721,685,1012,649,1097
2023-01-25,703,631,1013,648,1096
2023-01-26,677,549,1023,645,1095
2023-01-27,676,534,1031,650,1093
2023-01-30,680,533,1037,658,1096
2023-01-31,681,532,1029,670,1097
2023-02-01,668,499,1007,680,1104
2023-02-02,640,445,967,684,1106
2023-02-03,621,429,919,682,1105
2023-02-06,608,419,887,680,1106
2023-02-07,601,443,848,667,1108
2023-02-08,603,474,837,651,1108
2023-02-09,592,452,842,636,1104
2023-02-10,602,486,846,628,1105
2023-02-13,616,534,844,625,1104
2023-02-14,563,382,829,627,1095
2023-02-15,541,317,812,640,1093
2023-02-16,530,275,800,660,1099
2023-02-17,538,271,794,695,1109
2023-02-20,552,284,791,727,1135
2023-02-21,594,303,824,807,1173
2023-02-22,674,390,930,872,1199
2023-02-23,816,573,1143,940,1250
2023-02-24,883,636,1243,996,1280
2023-02-27,935,701,1288,1050,1310
2023-02-28,990,729,1390,1105,1358
2023-03-01,1099,929,1482,1156,1410
2023-03-02,1145,1000,1522,1192,1458
2023-03-03,1211,1195,1531,1189,1481
2023-03-06,1258,1329,1548,1180,1505
2023-03-07,1298,1471,1546,1161,1524
2023-03-08,1327,1550,1557,1161,1552
2023-03-09,1379,1662,1589,1180,1573
2023-03-10,1424,1744,1618,1209,1600
2023-03-13,1465,1821,1644,1235,1647
2023-03-14,1587,2110,1705,1263,1685
2023-03-15,1603,2104,1730,1296,1715
2023-03-16,1560,1976,1708,1312,1744
2023-03-17,1535,1913,1686,1318,1761
2023-03-20,1542,1945,1660,1329,1781
2023-03-21,1512,1881,1622,1335,1786
2023-03-22,1456,1752,1571,1337,1789
2023-03-23,1484,1856,1550,1333,1784
2023-03-24,1489,1882,1538,1332,1782
2023-03-27,1456,1795,1531,1326,1781
2023-03-28,1402,1646,1527,1315,1774
2023-03-29,1407,1662,1564,1285,1762
2023-03-30,1403,1676,1589,1237,1751
2023-03-31,1389,1665,1600,1198,1741
2023-04-03,1412,1723,1627,1187,1730
2023-04-04,1473,1867,1687,1176,1683
2023-04-05,1525,1957,1773,1170,1655
2023-04-06,1560,2041,1811,1161,1631
2023-04-11,1507,1911,1812,1131,1612
2023-04-12,1463,1822,1773,1118,1601
2023-04-13,1463,1888,1709,1105,1591
2023-04-14,1435,1850,1665,1096,1592
2023-04-17,1412,1801,1639,1098,1598
2023-04-18,1368,1678,1608,1113,1604
2023-04-19,1372,1643,1621,1151,1621
2023-04-20,1432,1778,1641,1179,1648
2023-04-21,1504,1962,1655,1201,1673
2023-04-24,1517,1993,1651,1212,1684
2023-04-25,1510,1986,1631,1216,1691
2023-04-26,1536,2100,1604,1203,1691
2023-04-27,1581,2276,1577,1185,1685
2023-04-28,1576,2301,1552,1165,1681
2023-05-02,1552,2268,1529,1144,1676
2023-05-03,1558,2325,1507,1123,1666
2023-05-04,1545,2325,1482,1105,1651
2023-05-05,1558,2384,1469,1096,1635
2023-05-09,1598,2509,1462,1097,1623
2023-05-10,1640,2630,1449,1114,1617
2023-05-11,1608,2566,1414,1112,1609
2023-05-12,1558,2456,1372,1105,1602
2023-05-15,1522,2385,1336,1098,1591
2023-05-16,1476,2295,1286,1091,1580
2023-05-17,1425,2184,1233,1090,1565
2023-05-18,1402,2142,1208,1085,1556
2023-05-19,1384,2105,1196,1077,1552
2023-05-22,1365,2065,1194,1063,1543
2023-05-23,1348,2040,1186,1043,1532
2023-05-24,1295,1930,1158,1014,1521
2023-05-25,1215,1758,1117,980,1505
2023-05-26,1172,1683,1095,946,1491
2023-05-30,1123,1594,1066,910,1475
2023-05-31,977,1218,1022,881,1450
2023-06-01,937,1144,1008,847,1417
2023-06-02,919,1116,1008,819,1381
2023-06-05,939,1178,1025,803,1360
2023-06-06,1016,1383,1084,781,1334
2023-06-07,1020,1387,1114,766,1305
2023-06-08,1040,1460,1121,747,1280
2023-06-09,1055,1514,1121,736,1271
2023-06-12,1056,1532,1119,726,1246
2023-06-13,1074,1587,1119,722,1220
2023-06-14,1079,1580,1138,729,1208
2023-06-15,1094,1599,1158,740,1194
2023-06-16,1076,1528,1167,748,1175
2023-06-19,1065,1492,1167,751,1167
2023-06-20,1078,1540,1149,759,1160
2023-06-21,1138,1730,1132,761,1154
2023-06-22,1216,1991,1116,751,1155
2023-06-23,1240,2080,1102,743,1155
2023-06-26,1233,2075,1088,741,1151
2023-06-27,1183,1937,1065,746,1152
2023-06-28,1138,1822,1035,752,1145
2023-06-29,1112,1759,1018,750,1136
2023-06-30,1091,1704,1008,749,1131
2023-07-03,1068,1651,992,747,1126
2023-07-04,1044,1601,966,747,1103
2023-07-05,994,1475,948,737,1090
2023-07-06,993,1479,950,728,1083
2023-07-07,1009,1522,962,724,1074
2023-07-10,1024,1555,975,724,1070
2023-07-11,1032,1550,1005,728,1059
2023-07-12,1088,1665,1062,734,1050
2023-07-13,1103,1691,1077,743,1042
2023-07-14,1090,1655,1071,743,1038
2023-07-17,1073,1614,1060,743,1030
2023-07-18,1037,1529,1029,746,1029
2023-07-19,1004,1468,972,754,1024
2023-07-20,977,1421,924,757,1021
2023-07-21,978,1442,904,758,1014
2023-07-24,967,1422,890,757,1013
2023-07-25,962,1424,875,753,1014
2023-07-26,1067,1734,896,742,1011
2023-07-27,1097,1801,934,733,1006
2023-07-28,1110,1830,954,726,1003
2023-07-31,1127,1873,974,719,999
2023-08-01,1150,1920,1012,709,998
2023-08-02,1123,1808,1059,700,995
2023-08-03,1128,1803,1088,695,990
2023-08-04,1136,1818,1109,688,989
2023-08-07,1145,1832,1128,686,987
2023-08-08,1142,1783,1169,689,993
2023-08-09,1144,1752,1206,696,995
2023-08-10,1137,1674,1264,706,1016
2023-08-11,1129,1592,1308,728,1042
2023-08-14,1135,1570,1335,745,1065
2023-08-15,1166,1597,1382,772,1097
2023-08-16,1233,1701,1454,812,1126
2023-08-17,1247,1665,1489,859,1165
2023-08-18,1237,1598,1508,879,1190
2023-08-21,1223,1538,1508,900,1209
2023-08-22,1194,1461,1483,909,1227
2023-08-23,1151,1364,1442,910,1245
2023-08-24,1110,1259,1425,906,1268
2023-08-25,1080,1174,1418,908,1285
2023-08-29,1107,1205,1465,918,1304
2023-08-30,1094,1123,1488,942,1329
2023-08-31,1086,1094,1470,962,1354
2023-09-01,1065,1032,1446,980,1372
2023-09-04,1083,1072,1446,995,1390
2023-09-05,1063,997,1448,1008,1413
2023-09-06,1081,1034,1434,1036,1430
2023-09-07,1141,1189,1441,1056,1437
2023-09-08,1186,1289,1457,1079,1450
2023-09-11,1209,1324,1475,1099,1458
2023-09-12,1235,1330,1541,1118,1484
2023-09-13,1290,1416,1588,1156,1526
2023-09-14,1340,1512,1607,1196,1583
2023-09-15,1381,1602,1620,1221,1608
2023-09-18,1439,1749,1630,1240,1636
2023-09-19,1526,1942,1656,1286,1652
2023-09-20,1584,2067,1670,1324,1678
2023-09-21,1569,2007,1659,1350,1695
2023-09-22,1593,2083,1648,1355,1700
2023-09-25,1614,2148,1649,1354,1719
2023-09-26,1694,2394,1657,1339,1726
2023-09-27,1752,2576,1674,1318,1727
2023-09-28,1716,2493,1672,1294,1723
2023-09-29,1701,2474,1664,1276,1721
2023-10-02,1737,2610,1648,1263,1717
2023-10-03,1780,2773,1620,1250,1710
2023-10-04,1778,2801,1590,1244,1707
2023-10-05,1827,2982,1558,1236,1708
2023-10-06,1929,3309,1538,1233,1710
2023-10-09,1991,3485,1552,1232,1719
2023-10-10,1983,3421,1577,1250,1716
2023-10-11,1948,3304,1579,1261,1727
2023-10-12,1935,3278,1558,1266,1734
2023-10-13,1945,3327,1533,1268,1741
2023-10-16,1972,3418,1519,1269,1749
2023-10-17,2058,3659,1531,1277,1750
2023-10-18,2105,3749,1583,1285,1752
2023-10-19,2071,3633,1600,1287,1745
2023-10-20,2046,3556,1602,1287,1740
2023-10-23,2017,3473,1603,1279,1734
2023-10-24,1949,3276,1612,1266,1727
2023-10-25,1832,2940,1613,1247,1720
2023-10-26,1662,2465,1593,1227,1701
2023-10-27,1563,2226,1570,1184,1701
2023-10-30,1502,2091,1541,1159,1695
2023-10-31,1459,2020,1500,1135,1674
2023-11-01,1401,1899,1456,1119,1652
2023-11-02,1385,1883,1429,1108,1636
2023-11-03,1462,2133,1417,1101,1607
2023-11-06,1523,2319,1416,1098,1589
2023-11-07,1559,2427,1422,1097,1559
2023-11-08,1530,2318,1438,1104,1540
2023-11-09,1598,2486,1468,1116,1524
2023-11-10,1643,2589,1497,1125,1507
2023-11-13,1655,2607,1515,1127,1490
2023-11-14,1662,2574,1572,1133,1489
2023-11-15,1688,2574,1657,1141,1492
2023-11-16,1758,2664,1760,1178,1503
2023-11-17,1820,2763,1833,1205,1519
2023-11-20,1817,2707,1873,1217,1534
2023-11-21,1796,2586,1926,1232,1556
2023-11-22,1755,2415,1965,1247,1580
2023-11-23,1855,2679,1990,1265,1642
2023-11-24,2102,3385,2019,1279,1699
2023-11-27,2259,3819,2050,1292,1724
2023-11-28,2391,4179,2060,1321,1762
2023-11-29,2696,5040,2085,1360,1833
2023-11-30,2937,5629,2171,1425,1905
2023-12-01,3192,6237,2290,1489,1959
2023-12-04,3346,6582,2388,1526,2027
2023-12-05,3143,5946,2372,1565,2106
2023-12-06,2848,5161,2261,1552,2156
2023-12-07,2495,4203,2150,1538,2185
2023-12-08,2483,4259,2058,1521,2211
2023-12-11,2509,4398,2004,1506,2241
2023-12-12,2551,4592,1953,1480,2270
2023-12-13,2438,4306,1911,1463,2289
2023-12-14,2411,4276,1873,1442,2297
2023-12-15,2348,4113,1858,1426,2301
2023-12-18,2288,3936,1865,1419,2300
2023-12-19,2219,3730,1873,1408,2290
2023-12-20,2150,3530,1875,1397,2272
2023-12-21,2087,3361,1873,1378,2251
2023-12-22,2094,3398,1868,1369,2227
2024-01-02,2093,3484,1832,1308,2047
2024-01-03,2091,3569,1769,1271,1890
2024-01-04,2086,3651,1689,1236,1815
2024-01-05,2110,3798,1630,1212,1763
2024-01-08,2022,3599,1571,1194,1725
2024-01-09,1875,3249,1501,1162,1677
2024-01-10,1664,2696,1432,1135,1634
2024-01-11,1554,2424,1390,1108,1584
2024-01-12,1460,2172,1380,1088,1562
2024-01-15,1360,1880,1381,1078,1535
2024-01-16,1324,1779,1390,1060,1520
2024-01-17,1308,1733,1415,1039,1512
2024-01-18,1357,1853,1460,1029,1504
2024-01-19,1503,2244,1516,1030,1506
2024-01-22,1518,2272,1542,1027,1507
2024-01-23,1473,2099,1578,1033,1510
2024-01-24,1507,2145,1627,1050,1515
2024-01-25,1499,2086,1653,1062,1513
2024-01-26,1518,2135,1659,1065,1512
2024-01-29,1460,1970,1649,1065,1514
2024-01-30,1397,1824,1601,1061,1509
2024-01-31,1398,1891,1532,1055,1499
2024-02-01,1388,1924,1464,1048,1490
2024-02-02,1407,2030,1413,1041,1482
2024-02-05,1436,2142,1388,1037,1476
2024-02-06,1516,2371,1397,1041,1462
2024-02-07,1487,2263,1414,1047,1455
2024-02-08,1473,2196,1442,1050,1446
2024-02-09,1545,2381,1476,1053,1441
2024-02-12,1572,2453,1493,1048,1442
2024-02-13,1585,2476,1516,1047,1437
2024-02-14,1582,2436,1548,1052,1436
2024-02-15,1581,2394,1588,1058,1438
2024-02-16,1610,2448,1611,1071,1449
2024-02-19,1629,2457,1645,1090,1463
2024-02-20,1632,2409,1669,1129,1512
2024-02-21,1676,2543,1637,1154,1554
2024-02-22,1752,2790,1589,1174,1566
2024-02-23,1866,3145,1561,1189,1591
2024-02-26,1871,3163,1544,1198,1621
2024-02-27,1899,3224,1546,1220,1690
2024-02-28,2041,3596,1592,1239,1740
2024-02-29,2111,3743,1645,1257,1795
2024-03-01,2203,3977,1686,1267,1832
2024-03-04,2297,4205,1735,1282,1877
2024-03-05,2291,4148,1765,1297,1910
2024-03-06,2176,3769,1783,1312,1922
2024-03-07,2251,3979,1800,1317,1925
2024-03-08,2345,4245,1821,1318,1932
2024-03-11,2377,4314,1852,1316,1938
2024-03-12,2315,4092,1906,1306,1942
2024-03-13,2370,4189,1998,1301,1949
2024-03-14,2350,4042,2087,1314,1971
2024-03-15,2374,4019,2185,1326,1980
2024-03-18,2419,4089,2248,1338,1986
2024-03-19,2392,3990,2256,1351,1997
2024-03-20,2284,3690,2202,1370,2003
2024-03-21,2240,3588,2156,1379,2014
2024-03-22,2196,3482,2118,1383,2015
2024-03-25,2123,3295,2074,1386,2007
2024-03-26,1989,2964,1999,1375,1988
2024-03-27,1845,2638,1899,1353,1975
2024-03-28,1821,2637,1838,1331,1957
2024-04-02,1714,2394,1776,1303,1935
2024-04-03,1711,2437,1733,1284,1907
2024-04-04,1669,2354,1696,1273,1888
2024-04-05,1628,2274,1658,1261,1865
2024-04-08,1594,2198,1631,1258,1858
2024-04-09,1570,2153,1598,1259,1844
2024-04-10,1587,2202,1596,1260,1836
2024-04-11,1690,2475,1640,1261,1836
2024-04-12,1729,2552,1676,1272,1830
2024-04-15,1730,2529,1698,1280,1827
2024-04-16,1779,2631,1716,1311,1835
2024-04-17,1844,2760,1766,1337,1848
2024-04-18,1901,2845,1835,1365,1863
2024-04-19,1919,2839,1875,1394,1878
2024-04-22,1882,2702,1886,1410,1886
2024-04-23,1804,2458,1872,1430,1904
2024-04-24,1774,2345,1868,1456,1903
2024-04-25,1743,2230,1855,1488,1901
2024-04-26,1721,2172,1837,1495,1905
2024-04-29,1684,2080,1817,1492,1901
2024-04-30,1685,2100,1805,1485,1891
2024-05-01,1688,2116,1807,1478,1880
2024-05-02,1774,2372,1822,1466,1857
2024-05-03,1876,2673,1843,1458,1847
2024-05-07,2083,3239,1907,1461,1830
2024-05-08,2203,3541,1961,1477,1801
2024-05-09,2166,3405,1976,1488,1797
2024-05-10,2129,3292,1982,1485,1781
2024-05-13,2066,3108,1974,1485,1776
2024-05-14,1993,2931,1935,1475,1769
2024-05-15,1889,2699,1863,1453,1760
2024-05-16,1817,2558,1805,1425,1756
2024-05-17,1844,2675,1786,1405,1750
2024-05-20,1847,2708,1772,1392,1751
2024-05-21,1829,2655,1783,1382,1745
2024-05-22,1804,2584,1791,1371,1740
2024-05-23,1796,2584,1793,1345,1738
2024-05-24,1797,2613,1784,1326,1744
2024-05-28,1784,2608,1762,1309,1794
2024-05-29,1790,2674,1724,1293,1806
2024-05-30,1801,2750,1681,1286,1819
2024-05-31,1815,2820,1657,1278,1826
2024-06-03,1808,2816,1645,1272,1832
2024-06-04,1813,2839,1643,1265,1818
2024-06-05,1852,2945,1665,1258,1810
2024-06-06,1869,2977,1694,1255,1815
2024-06-07,1881,2998,1712,1254,1810
2024-06-10,1883,2985,1730,1257,1811
2024-06-11,1831,2784,1768,1271,1803
2024-06-12,1836,2726,1824,1297,1796
2024-06-13,1942,2985,1878,1313,1795
2024-06-14,1948,2957,1907,1335,1803
2024-06-17,1948,2938,1917,1346,1816
2024-06-18,1961,2966,1911,1362,1838
2024-06-19,1943,2927,1877,1374,1861
2024-06-20,1984,3079,1826,1389,1886
2024-06-21,1997,3142,1787,1398,1908
2024-06-24,1973,3093,1753,1405,1920
2024-06-25,1926,2990,1697,1412,1927
2024-06-26,1964,3145,1647,1412,1935
2024-06-27,2031,3371,1636,1399,1935
2024-06-28,2050,3443,1631,1385,1933
2024-07-01,2158,3791,1626,1369,1932
2024-07-02,2179,3888,1604,1351,1914
2024-07-03,2064,3580,1572,1340,1898
2024-07-04,2021,3486,1534,1337,1888
2024-07-05,1966,3339,1512,1335,1882
2024-07-08,1940,3276,1498,1334,1873
2024-07-09,1894,3119,1502,1347,1867
2024-07-10,1939,3215,1544,1353,1864
2024-07-11,1947,3183,1602,1361,1875
2024-07-12,1997,3296,1642,1364,1879
2024-07-15,1993,3263,1665,1368,1882
2024-07-16,1942,3099,1676,1366,1884
2024-07-17,1890,2940,1676,1370,1893
2024-07-18,1912,3007,1676,1370,1898
2024-07-19,1902,2973,1677,1374,1907
2024-07-22,1896,2957,1674,1374,1917
2024-07-23,1869,2854,1690,1380,1920
2024-07-24,1864,2803,1727,1385,1922
2024-07-25,1834,2696,1746,1387,1925
2024-07-26,1808,2614,1753,1386,1925
2024-07-29,1797,2582,1753,1383,1925
2024-07-30,1762,2499,1733,1377,1928
2024-07-31,1708,2377,1701,1363,1931
2024-08-01,1668,2289,1676,1352,1929
2024-08-02,1675,2327,1668,1342,1924
2024-08-05,1677,2351,1660,1330,1922
2024-08-06,1685,2402,1642,1320,1923
2024-08-07,1698,2473,1615,1309,1918
2024-08-08,1683,2459,1585,1302,1915
2024-08-09,1670,2437,1564,1301,1915
2024-08-12,1655,2413,1550,1294,1916
2024-08-13,1670,2477,1529,1292,1918
2024-08-14,1728,2650,1526,1297,1919
2024-08-15,1692,2542,1521,1300,1915
2024-08-16,1691,2537,1518,1304,1912
2024-08-19,1708,2594,1511,1305,1912
2024-08-20,1735,2691,1488,1309,1913
2024-08-21,1759,2788,1455,1310,1913
2024-08-22,1768,2847,1413,1313,1909
2024-08-23,1762,2851,1383,1318,1909
2024-08-27,1721,2755,1351,1317,1897
2024-08-28,1755,2883,1321,1316,1891
2024-08-29,1827,3119,1302,1312,1888
2024-08-30,1814,3099,1287,1306,1885
2024-09-02,1919,3248,1277,1289,1878
2024-09-03,1947,3349,1272,1280,1869
2024-09-04,1902,3224,1272,1271,1855
2024-09-05,1919,3285,1266,1266,1844
2024-09-06,1941,3356,1266,1260,1836
2024-09-09,1958,3404,1274,1259,1824
2024-09-10,1941,3342,1288,1258,1810
2024-09-11,1963,3375,1327,1259,1800
2024-09-12,1927,3225,1372,1263,1797
2024-09-13,1890,3089,1397,1264,1793
2024-09-16,1896,3097,1410,1265,1793
2024-09-17,1901,3090,1434,1266,1790
2024-09-18,1890,3024,1469,1270,1789
2024-09-19,1976,3253,1495,1276,1792
2024-09-20,1977,3235,1505,1289,1793
2024-09-23,1999,3275,1518,1301,1795
2024-09-24,2014,3301,1526,1312,1802
2024-09-25,2016,3315,1509,1317,1809
2024-09-26,2091,3580,1466,1314,1804
2024-09-27,2110,3689,1414,1306,1799
2024-09-30,2084,3649,1383,1296,1802
2024-10-01,2030,3524,1356,1283,1807
2024-10-02,1978,3399,1334,1272,1807
2024-10-03,1941,3299,1337,1260,1806
2024-10-04,1928,3243,1358,1258,1806
2024-10-07,1907,3161,1384,1257,1812
2024-10-08,1860,2989,1410,1264,1818
2024-10-09,1799,2786,1425,1270,1816
2024-10-10,1790,2755,1424,1274,1819
2024-10-11,1809,2835,1404,1269,1820
2024-10-14,1814,2878,1379,1262,1823
2024-10-15,1766,2773,1334,1260,1826
2024-10-16,1676,2552,1281,1257,1832
2024-10-17,1594,2322,1260,1254,1838
2024-10-18,1576,2276,1257,1250,1842
2024-10-21,1546,2191,1250,1250,1841
2024-10-22,1480,2008,1232,1249,1849
2024-10-23,1445,1921,1211,1249,1853
2024-10-24,1417,1859,1190,1245,1844
2024-10-25,1410,1856,1175,1240,1845
2024-10-28,1382,1786,1164,1234,1834
2024-10-29,1402,1859,1169,1221,1830
2024-10-30,1395,1846,1176,1207,1826
2024-10-31,1388,1853,1178,1182,1824
2024-11-01,1378,1848,1173,1163,1821
2024-11-04,1374,1849,1169,1154,1813
2024-11-05,1405,1967,1165,1136,1801
2024-11-06,1427,2060,1159,1118,1791
2024-11-07,1451,2162,1152,1098,1786
2024-11-08,1495,2316,1151,1079,1781
2024-11-11,1558,2517,1156,1064,1776
2024-11-12,1634,2753,1168,1051,1767
2024-11-13,1630,2746,1182,1036,1756
2024-11-14,1692,2936,1187,1029,1741
2024-11-15,1785,3229,1185,1019,1738
2024-11-18,1756,3162,1176,1009,1727
2024-11-19,1627,2808,1145,999,1719
2024-11-20,1616,2810,1113,992,1712
2024-11-21,1576,2724,1082,987,1701
2024-11-22,1537,2626,1059,984,1698
2024-11-25,1529,2613,1045,984,1693
2024-11-26,1581,2779,1033,985,1684
2024-11-27,1509,2569,1021,988,1679
2024-11-28,1419,2312,1005,989,1675
2024-11-29,1354,2133,996,980,1671
2024-12-02,1298,1973,987,979,1664
2024-12-03,1237,1792,983,979,1656
2024-12-04,1180,1609,992,982,1651
2024-12-05,1160,1530,1018,979,1647
2024-12-06,1167,1535,1044,974,1632
2024-12-09,1168,1532,1056,971,1623
2024-12-10,1156,1503,1053,967,1603
2024-12-11,1106,1377,1030,962,1593
2024-12-12,1055,1252,998,961,1586
2024-12-13,1051,1263,973,959,1568
2024-12-16,1071,1340,956,955,1542
2024-12-17,1053,1308,938,949,1522
2024-12-18,1028,1237,937,947,1504
2024-12-19,976,1079,944,944,1486
2024-12-20,990,1115,955,940,1469
2024-12-23,994,1132,959,932,1454
2024-12-24,997,1147,966,923,1443
2025-01-02,1029,1261,979,899,1405
2025-01-03,1072,1375,1017,884,1392
2025-01-06,1043,1290,1038,867,1367
2025-01-07,1015,1218,1038,856,1349
2025-01-08,966,1100,1014,846,1330
2025-01-09,969,1164,971,830,1305
2025-01-10,1048,1448,932,819,1288
2025-01-13,1093,1615,906,809,1272
2025-01-14,1080,1604,887,798,1253
2025-01-15,1063,1581,875,783,1210
2025-01-16,1023,1482,876,765,1176
2025-01-17,987,1393,877,747,1149
2025-01-20,957,1327,873,727,1130
2025-01-21,928,1284,855,703,1106
2025-01-22,893,1236,824,674,1085
2025-01-23,824,1081,787,654,1061
2025-01-24,778,983,758,639,1043
2025-01-27,761,958,742,629,1008
2025-01-28,746,931,732,619,986
2025-01-29,726,876,735,612,974
2025-01-30,715,841,750,605,966
2025-01-31,735,874,783,603,955
2025-02-03,738,861,812,602,944
2025-02-04,753,844,882,605,941
2025-02-05,771,812,967,619,953
2025-02-06,793,812,1006,649,983
2025-02-07,815,840,1013,677,1009
2025-02-10,809,810,1005,694,1034
2025-02-11,801,779,989,710,1061
2025-02-12,776,711,962,724,1110
2025-02-13,780,711,953,741,1153
2025-02-14,792,716,959,765,1197
2025-02-17,806,725,976,781,1233
2025-02-18,841,757,1019,813,1266
2025-02-19,904,867,1080,839,1296
2025-02-20,941,917,1119,866,1325
2025-02-21,981,991,1144,886,1354
2025-02-24,1002,1039,1152,895,1369
2025-02-25,1039,1159,1130,904,1377
2025-02-26,1112,1397,1104,907,1386
2025-02-27,1159,1573,1069,903,1385
2025-02-28,1229,1818,1040,895,1386
2025-03-03,1276,1980,1022,887,1387
2025-03-04,1262,1969,1002,876,1389
2025-03-05,1228,1894,979,868,1393
2025-03-06,1286,2082,971,864,1403
2025-03-07,1400,2422,973,864,1409
2025-03-10,1424,2478,992,864,1421
2025-03-11,1436,2474,1041,864,1429
2025-03-12,1559,2759,1133,872,1442
2025-03-13,1650,2893,1272,895,1445
2025-03-14,1669,2857,1336,930,1450
2025-03-17,1658,2768,1372,954,1453
2025-03-18,1650,2714,1374,977,1466
2025-03-19,1637,2673,1347,999,1480
2025-03-20,1635,2670,1328,1010,1503
2025-03-21,1643,2676,1346,1012,1510
2025-03-24,1652,2690,1359,1013,1519
2025-03-25,1642,2630,1392,1015,1523
2025-03-26,1634,2581,1425,1014,1529
2025-03-27,1621,2527,1452,1007,1540
2025-03-28,1602,2472,1465,995,1557
2025-03-31,1598,2465,1469,988,1557
2025-04-01,1587,2440,1466,983,1559
2025-04-02,1583,2435,1463,978,1559
2025-04-03,1540,2337,1432,973,1555
2025-04-04,1489,2219,1394,971,1553
2025-04-07,1401,2017,1326,965,1536
2025-04-08,1342,1915,1250,954,1522
2025-04-09,1259,1732,1177,948,1505
2025-04-10,1269,1781,1164,941,1485
2025-04-11,1274,1803,1160,939,1477
2025-04-14,1282,1827,1164,936,1463
2025-04-15,1263,1753,1182,937,1460
2025-04-16,1241,1656,1211,943,1450
2025-04-17,1261,1678,1246,950,1442
2025-04-22,1261,1661,1264,954,1434
2025-04-23,1300,1732,1304,964,1437
2025-04-24,1353,1846,1342,976,1439
2025-04-25,1373,1889,1362,977,1439
2025-04-28,1403,1980,1365,975,1438
2025-04-29,1398,1978,1359,967,1436
2025-04-30,1386,1961,1350,957,1430
2025-05-01,1411,2043,1344,956,1417
2025-05-02,1421,2079,1338,955,1420
2025-05-06,1406,2037,1330,957,1418
2025-05-07,1374,1935,1332,961,1415
2025-05-08,1316,1752,1334,968,1405
2025-05-09,1299,1709,1323,969,1405
2025-05-12,1304,1731,1312,970,1405
2025-05-13,1280,1671,1287,977,1404
2025-05-14,1267,1648,1267,977,1402
2025-05-15,1305,1771,1259,975,1404
2025-05-16,1388,2018,1262,978,1404
